District Name,Date,Relative Humidity(%),Precipitation(mm),Temperature(¡æ)
Nanhu,20191231,63,0.1,3.8
Nanhu,20200101,75,0,4.9
Nanhu,20200102,82,0.6,9.8
Nanhu,20200103,96,0.3,9.4
Nanhu,20200104,97,1.4,9.4
Nanhu,20200105,87,0.2,11.6
Nanhu,20200106,84,0,16.5
Nanhu,20200107,87,0,12.8
Nanhu,20200108,72,0,5.6
Nanhu,20200109,85,0,5.3
Nanhu,20200110,98,1.1,7.8
Nanhu,20200111,98,8.1,6.8
Nanhu,20200112,79,0.4,5.3
Nanhu,20200113,83,0,4.2
Nanhu,20200114,77,0,5.6
Nanhu,20200115,90,0,4.2
Nanhu,20200116,97,11,6.4
Nanhu,20200117,90,1.5,5.1
Nanhu,20200118,75,0,4.5
Nanhu,20200119,76,0,5.2
Nanhu,20200120,80,0,4.8
Nanhu,20200121,87,0,6.4
Nanhu,20200122,95,2.9,9
Nanhu,20200123,98,9.4,8.6
Nanhu,20200124,95,11.7,8.2
Nanhu,20200125,97,9.6,7.2
Nanhu,20200126,98,13.6,7.9
Nanhu,20200127,94,7.9,5.5
Nanhu,20200128,81,0,5.1
Nanhu,20200129,67,0,6.1
Nanhu,20200130,66,0,5.2
Nanhu,20200131,69,0,3.9
Nanhu,20200201,72,0,4.6
Nanhu,20200202,73,0,8
Nanhu,20200203,80,0.2,8.1
Nanhu,20200204,79,0,7.6
Nanhu,20200205,82,0,6.4
Nanhu,20200206,81,0,5.8
Nanhu,20200207,92,8.2,6.1
Nanhu,20200208,81,0.3,6.9
Nanhu,20200209,81,0,6.4
Nanhu,20200210,76,0,8.3
Nanhu,20200211,94,6.8,9.9
Nanhu,20200212,93,5.1,11.8
Nanhu,20200213,96,0,12.4
Nanhu,20200214,98,0.6,13.5
Nanhu,20200215,97,2,9.4
Nanhu,20200216,64,9.5,2.9
Nanhu,20200217,48,0,4.8
Nanhu,20200218,59,0,4.6
Nanhu,20200219,66,0,7.2
Nanhu,20200220,79,0,9.6
Nanhu,20200221,72,0,11.4
Nanhu,20200222,66,0.1,11.3
Nanhu,20200223,70,0,10.1
Nanhu,20200224,71,0,15.2
Nanhu,20200225,70,0,19.4
Nanhu,20200226,89,0.4,10.5
Nanhu,20200227,77,0,9.4
Nanhu,20200228,83,0.7,11.2
Nanhu,20200229,93,2,10.1
Nanhu,20200301,95,6.1,10
Nanhu,20200302,76,0.7,8.8
Nanhu,20200303,77,0.4,9
Nanhu,20200304,73,0.9,9.3
Nanhu,20200305,61,0,7.6
Nanhu,20200306,73,0,9.8
Nanhu,20200307,85,0.6,12.6
Nanhu,20200308,85,0,11.6
Nanhu,20200309,95,20.6,13
Nanhu,20200310,81,2.4,10.6
Nanhu,20200311,76,0,10.5
Nanhu,20200312,77,0,12.6
Nanhu,20200313,94,1.4,11.9
Nanhu,20200314,72,0.1,10.2
Nanhu,20200315,54,0,12.9
Nanhu,20200316,58,0,12.6
Nanhu,20200317,56,0,16
Nanhu,20200318,64,0,17.5
Nanhu,20200319,58,0,16
Nanhu,20200320,51,0,15
Nanhu,20200321,68,0,18.4
Nanhu,20200322,85,16.4,17
Nanhu,20200323,62,0,13.4
Nanhu,20200324,65,0,14.5
Nanhu,20200325,71,0.4,17.6
Nanhu,20200326,92,3.7,19.8
Nanhu,20200327,83,10.5,12.6
Nanhu,20200328,91,12.7,6.2
Nanhu,20200329,89,0,7.2
Nanhu,20200330,98,8.9,9.4
Nanhu,20200331,95,0,11.1
Nanhu,20200401,82,0.6,12.4
Nanhu,20200402,74,0,11.9
Nanhu,20200403,68,0,12.9
Nanhu,20200404,71,0,13.1
Nanhu,20200405,68,0,11.1
Nanhu,20200406,73,0,10.8
Nanhu,20200407,72,0,12.4
Nanhu,20200408,54,0,14.7
Nanhu,20200409,61,0,16.1
Nanhu,20200410,79,0,16
Nanhu,20200411,93,1.7,12.3
Nanhu,20200412,67,0,12.3
Nanhu,20200413,54,1.3,13.9
Nanhu,20200414,66,0,14.1
Nanhu,20200415,56,0,18.1
Nanhu,20200416,59,0,19.7
Nanhu,20200417,63,0,20.4
Nanhu,20200418,73,0.2,16.3
Nanhu,20200419,85,14.5,15.2
Nanhu,20200420,76,0,16.6
Nanhu,20200421,80,11,13.2
Nanhu,20200422,70,0.9,14.6
Nanhu,20200423,61,0,15.5
Nanhu,20200424,50,0,16.8
Nanhu,20200425,50,0,19.3
Nanhu,20200426,68,0,18.2
Nanhu,20200427,70,0,16.1
Nanhu,20200428,60,0.4,15.7
Nanhu,20200429,64,0,19.6
Nanhu,20200430,68,0,23.6
Nanhu,20200501,82,2.5,22.5
Nanhu,20200502,79,3.6,23.9
Nanhu,20200503,67,0,27.2
Nanhu,20200504,78,0,24.6
Nanhu,20200505,96,0,19.6
Nanhu,20200506,89,0.3,18.9
Nanhu,20200507,86,0,20.4
Nanhu,20200508,86,0.5,23.9
Nanhu,20200509,87,3.5,21.6
Nanhu,20200510,87,7.9,19.4
Nanhu,20200511,80,0,21.5
Nanhu,20200512,47,0,22.8
Nanhu,20200513,58,0,22
Nanhu,20200514,65,0,23.2
Nanhu,20200515,88,4.3,23.9
Nanhu,20200516,90,2.4,24.1
Nanhu,20200517,88,0.1,25.1
Nanhu,20200518,63,0,25.4
Nanhu,20200519,48,0,22
Nanhu,20200520,56,0,23.7
Nanhu,20200521,79,0.4,22
Nanhu,20200522,74,0.9,21.5
Nanhu,20200523,80,0,22.7
Nanhu,20200524,79,0,24.9
Nanhu,20200525,81,0.1,23.1
Nanhu,20200526,95,27.9,19.1
Nanhu,20200527,79,0,22
Nanhu,20200528,75,0,24.7
Nanhu,20200529,83,0,22.8
Nanhu,20200530,97,20,18.9
Nanhu,20200531,84,0.1,23.3
Nanhu,20200601,75,0,25.9
Nanhu,20200602,74,0,26.4
Nanhu,20200603,93,6.6,24.8
Nanhu,20200604,90,0.2,25.1
Nanhu,20200605,97,3.3,23.7
Nanhu,20200606,89,1.9,23.3
Nanhu,20200607,81,0,23.7
Nanhu,20200608,86,0,24.4
Nanhu,20200609,90,0.1,25.7
Nanhu,20200610,95,1.4,26
Nanhu,20200611,93,2.6,26.9
Nanhu,20200612,84,0,29
Nanhu,20200613,79,0.3,29.9
Nanhu,20200614,85,1.3,29.1
Nanhu,20200615,95,2.1,26.6
Nanhu,20200616,96,1.5,25.3
Nanhu,20200617,88,1.4,28.2
Nanhu,20200618,78,0,28.2
Nanhu,20200619,89,15.2,23.2
Nanhu,20200620,94,3.6,21.6
Nanhu,20200621,99,31.4,21.5
Nanhu,20200622,97,6.2,23.1
Nanhu,20200623,94,0.2,26
Nanhu,20200624,93,6.7,25.7
Nanhu,20200625,98,16.1,24.1
Nanhu,20200626,92,0,26.8
Nanhu,20200627,96,4.9,26.5
Nanhu,20200628,95,13.8,27
Nanhu,20200629,92,5.5,27.1
Nanhu,20200630,82,17.2,25.6
Nanhu,20200701,83,0,25.8
Nanhu,20200702,89,2.1,25.4
Nanhu,20200703,94,38.9,26.2
Nanhu,20200704,91,0.5,24.6
Nanhu,20200705,99,4.2,25.4
Nanhu,20200706,99,16.5,26
Nanhu,20200707,90,19,27.7
Nanhu,20200708,94,1.1,26.6
Nanhu,20200709,96,5.5,26.1
Nanhu,20200710,97,4.7,25.2
Nanhu,20200711,96,2.1,26.5
Nanhu,20200712,78,0,30.5
Nanhu,20200713,85,1,27.8
Nanhu,20200714,91,0.5,24.7
Nanhu,20200715,97,9.9,22.4
Nanhu,20200716,96,38.4,22.2
Nanhu,20200717,95,0.3,24.2
Nanhu,20200718,90,0,28.1
Nanhu,20200719,81,1.3,29.7
Nanhu,20200720,93,11.6,25.3
Nanhu,20200721,89,1.1,27.7
Nanhu,20200722,83,0.8,29.4
Nanhu,20200723,75,0,30.4
Nanhu,20200724,91,8.6,24.7
Nanhu,20200725,81,0.5,25.7
Nanhu,20200726,87,0.1,26.4
Nanhu,20200727,87,0.6,28.1
Nanhu,20200728,87,0.1,29.1
Nanhu,20200729,82,0,29.5
Nanhu,20200730,79,0.1,30.1
Nanhu,20200731,83,0,29.8
Nanhu,20200801,73,0,31.4
Nanhu,20200802,68,0,31.6
Nanhu,20200803,71,0,30.6
Nanhu,20200804,85,0.2,28.4
Nanhu,20200805,87,152.1,28.7
Nanhu,20200806,75,0,31
Nanhu,20200807,76,0,31.3
Nanhu,20200808,76,0.4,30.2
Nanhu,20200809,77,0.1,31.1
Nanhu,20200810,83,2.2,29.9
Nanhu,20200811,77,0.5,30.4
Nanhu,20200812,66,0,31.8
Nanhu,20200813,67,0,32.3
Nanhu,20200814,66,0,32.7
Nanhu,20200815,69,0,31.9
Nanhu,20200816,66,0,31.8
Nanhu,20200817,69,0,31.2
Nanhu,20200818,72,0,30.8
Nanhu,20200819,72,0,31.1
Nanhu,20200820,72,0,31
Nanhu,20200821,76,0,30
Nanhu,20200822,81,0,29.7
Nanhu,20200823,76,0,29.9
Nanhu,20200824,70,0,30.6
Nanhu,20200825,73,0,30.8
Nanhu,20200826,77,0.5,29.6
Nanhu,20200827,79,0.5,28.8
Nanhu,20200828,93,8.5,26.2
Nanhu,20200829,95,22.8,25.7
Nanhu,20200830,84,0,29
Nanhu,20200831,81,0,29.6
Nanhu,20200901,82,0.2,28.9
Nanhu,20200902,80,0.2,28.2
Nanhu,20200903,68,0,26.7
Nanhu,20200904,64,0,27.4
Nanhu,20200905,55,0,27.2
Nanhu,20200906,67,0,25.7
Nanhu,20200907,60,0,27.6
Nanhu,20200908,63,0,28.1
Nanhu,20200909,70,0,27.4
Nanhu,20200910,77,0,27.1
Nanhu,20200911,90,27.6,23.5
Nanhu,20200912,85,0.1,24.1
Nanhu,20200913,83,0,24.2
Nanhu,20200914,92,0,22.9
Nanhu,20200915,96,3.9,22.7
Nanhu,20200916,94,2.6,24.2
Nanhu,20200917,99,37.5,21.4
Nanhu,20200918,96,7.2,17.8
Nanhu,20200919,94,7.6,19.7
Nanhu,20200920,81,0.4,21.9
Nanhu,20200921,80,0.2,22.4
Nanhu,20200922,80,0.2,21.9
Nanhu,20200923,92,3,19.9
Nanhu,20200924,79,0.1,21.9
Nanhu,20200925,78,0,22.1
Nanhu,20200926,77,0,22.4
Nanhu,20200927,81,0,22.4
Nanhu,20200928,79,4.6,22.7
Nanhu,20200929,74,0,22.9
Nanhu,20200930,73,0.1,22.4
Nanhu,20201001,77,0,22.3
Nanhu,20201002,75,0,24.2
Nanhu,20201003,85,0.1,23.8
Nanhu,20201004,90,10.9,21.3
Nanhu,20201005,66,0.5,18.8
Nanhu,20201006,62,0,19.6
Nanhu,20201007,67,0,19.9
Nanhu,20201008,69,0,19.9
Nanhu,20201009,73,0,19.8
Nanhu,20201010,78,0,19.5
Nanhu,20201011,78,0,20
Nanhu,20201012,75,0,20.1
Nanhu,20201013,78,0,19.4
Nanhu,20201014,69,0,19.8
Nanhu,20201015,73,0,19.1
Nanhu,20201016,94,3.5,15.6
Nanhu,20201017,77,0.4,17.5
Nanhu,20201018,74,0.1,17.4
Nanhu,20201019,74,0.2,17.4
Nanhu,20201020,78,0,17.1
Nanhu,20201021,86,0.4,17
Nanhu,20201022,77,0.3,17.3
Nanhu,20201023,61,0,15.6
Nanhu,20201024,67,0,13.9
Nanhu,20201025,72,0,16
Nanhu,20201026,77,0,18.6
Nanhu,20201027,80,0,19
Nanhu,20201028,79,0,18.4
Nanhu,20201029,76,0.1,18
Nanhu,20201030,75,0,16
Nanhu,20201031,75,0,16.2
Nanhu,20201101,79,0,18.4
Nanhu,20201102,82,2.1,17.5
Nanhu,20201103,65,0,14.6
Nanhu,20201104,59,0,14.1
Nanhu,20201105,70,0,16.9
Nanhu,20201106,73,0,18.8
Nanhu,20201107,64,0,18.7
Nanhu,20201108,53,0,16.7
Nanhu,20201109,68,0,13.8
Nanhu,20201110,71,0,13.5
Nanhu,20201111,73,0,13.8
Nanhu,20201112,74,0,15.1
Nanhu,20201113,76,0,15.4
Nanhu,20201114,80,0,15.3
Nanhu,20201115,84,0,16.5
Nanhu,20201116,89,0,18.2
Nanhu,20201117,85,0,20.3
Nanhu,20201118,71,0,23.6
Nanhu,20201119,75,0.1,19.9
Nanhu,20201120,84,9.7,14.6
Nanhu,20201121,80,0,15.9
Nanhu,20201122,90,3.2,12.8
Nanhu,20201123,80,0.9,10.3
Nanhu,20201124,96,3.7,9.8
Nanhu,20201125,98,5.9,11.8
Nanhu,20201126,93,10,12.1
Nanhu,20201127,94,2.5,10.6
Nanhu,20201128,73,0.1,9.2
Nanhu,20201129,69,0.1,8.3
Nanhu,20201130,70,0,8.9
Nanhu,20201201,69,0,11
Nanhu,20201202,76,0,10.8
Nanhu,20201203,75,0.1,8.6
Nanhu,20201204,66,0,6.1
Nanhu,20201205,71,0,6.7
Nanhu,20201206,75,0,10.2
Nanhu,20201207,82,0,10.7
Nanhu,20201208,75,0.1,9.4
Nanhu,20201209,74,0,10.3
Nanhu,20201210,82,0,10.7
Nanhu,20201211,88,0.5,8.9
Nanhu,20201212,80,0,7.8
Nanhu,20201213,74,0,7.5
Nanhu,20201214,71,3.9,3.1
Nanhu,20201215,52,0,3.1
Nanhu,20201216,49,0,3.5
Nanhu,20201217,59,0,5.1
Nanhu,20201218,82,1.9,5.1
Nanhu,20201219,65,0.3,5.5
Nanhu,20201220,63,0,4.4
Nanhu,20201221,72,0,3
Nanhu,20201222,77,0,4.4
Nanhu,20201223,81,0,8.7
Nanhu,20201224,67,1.1,8.6
Nanhu,20201225,73,0,5.8
Nanhu,20201226,75,0,10
Nanhu,20201227,84,0.2,10
Nanhu,20201228,86,0,8.9
Nanhu,20201229,92,0,8.3
Nanhu,20201230,50,1.8,-2.2
Nanhu,20201231,45,0,-3.2
Nanhu,20210101,57,0,0.8
Nanhu,20210101,57,0,0.8
Nanhu,20210102,70,0,0.7
Nanhu,20210103,75,0,5.2
Nanhu,20210104,78,0.1,9.2
Nanhu,20210105,73,0,7.1
Nanhu,20210106,63,0,3.9
Nanhu,20210107,42,0,2.6
Nanhu,20210108,35,0,4
Nanhu,20210109,43,0,1.6
Nanhu,20210110,46,0,0.5
Nanhu,20210111,42,0,2.4
Nanhu,20210112,36,0,4
Nanhu,20210113,41,0,7
Nanhu,20210114,56,0,8
Nanhu,20210115,51,0,11.5
Nanhu,20210116,61,0,4.7
Nanhu,20210117,57,0,2
Nanhu,20210118,58,0,3.5
Nanhu,20210119,71,0,5.3
Nanhu,20210120,81,0,10.3
Nanhu,20210121,80,0,14.4
Nanhu,20210122,92,8.9,10.8
Nanhu,20210123,90,2.1,7.8
Nanhu,20210124,82,0,6.9
Nanhu,20210125,84,0.6,10.3
Nanhu,20210126,91,4,7.7
Nanhu,20210127,84,0.7,7.5
Nanhu,20210128,70,0.1,7.7
Nanhu,20210129,54,0,4.1
Nanhu,20210130,59,0,8
Nanhu,20210131,65,0.1,12.6
Nanhu,20210201,85,3.1,9.7
Nanhu,20210201,85,3.1,9.7
Nanhu,20210202,74,0,8
Nanhu,20210203,74,0,9
Nanhu,20210204,64,0,9.1
Nanhu,20210205,89,9.3,8.6
Nanhu,20210206,77,0,11
Nanhu,20210207,67,0,12.1
Nanhu,20210208,67,0.6,7.9
Nanhu,20210209,66,0,6.9
Nanhu,20210210,78,0,9.2
Nanhu,20210211,92,20.9,9.3
Nanhu,20210212,85,0.1,10.5
Nanhu,20210213,76,0.1,12.1
Nanhu,20210214,77,0,13.8
Nanhu,20210215,74,0,10.6
Nanhu,20210216,65,0,8.3
Nanhu,20210217,54,0,5.4
Nanhu,20210218,58,0,4.6
Nanhu,20210219,52,0,9.6
Nanhu,20210220,38,0,16
Nanhu,20210221,47,0,16
Nanhu,20210222,57,0,15.9
Nanhu,20210223,65,0,9.7
Nanhu,20210224,76,0,10.3
Nanhu,20210225,87,6.1,13
Nanhu,20210226,92,12.9,9.2
Nanhu,20210227,83,1.1,10.9
Nanhu,20210228,92,0.8,12
Nanhu,20210301,92,14.8,11
Nanhu,20210301,92,14.8,11
Nanhu,20210302,65,0.1,7.3
Nanhu,20210303,74,1.1,7.9
Nanhu,20210304,78,5.2,10.5
Nanhu,20210305,88,0.3,9.2
Nanhu,20210306,86,7.7,9.7
Nanhu,20210307,93,16.6,7.5
Nanhu,20210308,87,5.1,9.8
Nanhu,20210309,84,0.8,9.7
Nanhu,20210310,66,0,11.8
Nanhu,20210311,91,8,11.1
Nanhu,20210312,78,0,11.7
Nanhu,20210313,75,0,11.2
Nanhu,20210314,80,0,11.9
Nanhu,20210315,75,7.4,17.5
Nanhu,20210316,90,25.8,13.5
Nanhu,20210317,84,9.8,9
Nanhu,20210318,67,0.8,12.3
Nanhu,20210319,93,5.7,12.4
Nanhu,20210320,84,5.1,11.1
Nanhu,20210321,61,0,11.9
Nanhu,20210322,55,0,9.7
Nanhu,20210323,59,0,11.6
Nanhu,20210324,71,1.2,13.8
Nanhu,20210325,64,0,15
Nanhu,20210326,69,0,16.6
Nanhu,20210327,85,3.5,17.7
Nanhu,20210328,71,0,18.1
Nanhu,20210329,70,0,19.4
Nanhu,20210330,75,0.2,16.5
Nanhu,20210331,89,16,14.9
Nanhu,20210401,94,1.5,16.4
Nanhu,20210401,94,1.5,16.4
Nanhu,20210402,86,0.3,17.4
Nanhu,20210403,83,0,15.5
Nanhu,20210404,56,0,13.4
Nanhu,20210405,46,0,13.6
Nanhu,20210406,55,0,15.8
Nanhu,20210407,62,2.3,13.6
Nanhu,20210408,72,1.6,13.1
Nanhu,20210409,57,0,13.8
Nanhu,20210410,73,0,13.5
Nanhu,20210411,93,18.1,15.5
Nanhu,20210412,92,19.3,16.6
Nanhu,20210413,79,0,16.6
Nanhu,20210414,66,0.2,12.9
Nanhu,20210415,74,0,12.9
Nanhu,20210416,74,0,18
Nanhu,20210417,67,0,17.3
Nanhu,20210418,52,0,14.9
Nanhu,20210419,58,0,16.4
Nanhu,20210420,67,0,17.2
Nanhu,20210421,74,0,19.4
Nanhu,20210422,78,0.5,20.2
Nanhu,20210423,79,0,20.5
Nanhu,20210424,88,0,18
Nanhu,20210425,79,0,19.4
Nanhu,20210426,68,0,19.1
Nanhu,20210427,89,1.8,18
Nanhu,20210428,76,0,19.8
Nanhu,20210429,53,0,22.7
Nanhu,20210430,47,0,25.1
Nanhu,20210501,58,6.9,20.5
Nanhu,20210501,58,6.9,20.5
Nanhu,20210502,59,0,18.6
Nanhu,20210503,65,0,21
Nanhu,20210504,87,12.5,20.6
Nanhu,20210505,61,0,20.1
Nanhu,20210506,49,0,20.4
Nanhu,20210507,66,0,23.4
Nanhu,20210508,70,0,24.2
Nanhu,20210509,64,0,26.6
Nanhu,20210510,60,0,27.6
Nanhu,20210511,85,5.2,24
Nanhu,20210512,89,2.1,22.1
Nanhu,20210513,91,23.1,20.7
Nanhu,20210514,87,2.5,24.9
Nanhu,20210515,80,0.1,28
Nanhu,20210516,86,25.4,23.6
Nanhu,20210517,73,15.8,19.4
Nanhu,20210518,67,1,20.3
Nanhu,20210519,87,14.9,19.2
Nanhu,20210520,82,2.2,19.8
Nanhu,20210521,78,0,20.6
Nanhu,20210522,77,0.2,21
Nanhu,20210523,91,22.6,19.5
Nanhu,20210524,70,0,22.4
Nanhu,20210525,60,0,25.8
Nanhu,20210526,88,41.5,21.3
Nanhu,20210527,80,0,23.7
Nanhu,20210528,73,0,25.2
Nanhu,20210529,63,0,25.2
Nanhu,20210530,68,0,26
Nanhu,20210531,67,0,24.5
Nanhu,20210601,84,3.1,23.1
Nanhu,20210601,84,3.1,23.1
Nanhu,20210602,92,0.7,22.6
Nanhu,20210603,88,27.4,23.5
Nanhu,20210604,81,0.2,21
Nanhu,20210605,64,0,24.4
Nanhu,20210606,62,0,25.8
Nanhu,20210607,70,0,24.6
Nanhu,20210608,77,0,26.1
Nanhu,20210609,81,1.3,27.1
Nanhu,20210610,89,2.1,26.2
Nanhu,20210611,80,0,27.3
Nanhu,20210612,82,6.9,26.4
Nanhu,20210613,92,3.5,25.6
Nanhu,20210614,88,0.2,26.9
Nanhu,20210615,77,0,30
Nanhu,20210616,83,10.9,26.8
Nanhu,20210617,86,0.6,26.7
Nanhu,20210618,88,8.7,26.2
Nanhu,20210619,93,36.2,20.3
Nanhu,20210620,91,1.2,21.7
Nanhu,20210621,71,0,24.6
Nanhu,20210622,68,0,25.6
Nanhu,20210623,66,0,26.2
Nanhu,20210624,67,0,27
Nanhu,20210625,74,0,26.7
Nanhu,20210626,89,30.9,25.7
Nanhu,20210627,94,20.2,25.7
Nanhu,20210628,87,0,26.5
Nanhu,20210629,81,0,26.5
Nanhu,20210630,86,0,26.1
Nanhu,20210701,83,0.2,26.9
Nanhu,20210701,83,0.2,26.9
Nanhu,20210702,94,21.4,26.1
Nanhu,20210703,88,8.9,27.6
Nanhu,20210704,92,0.1,26.5
Nanhu,20210705,84,15.7,29.1
Nanhu,20210706,71,0,30.5
Nanhu,20210707,75,0,30.5
Nanhu,20210708,81,31.8,28.5
Nanhu,20210709,84,3.2,26.9
Nanhu,20210710,83,3.1,28.4
Nanhu,20210711,77,0,31.3
Nanhu,20210712,71,0,32.6
Nanhu,20210713,71,0,32.1
Nanhu,20210714,68,0,32.5
Nanhu,20210715,69,0,31.8
Nanhu,20210716,72,0,30.2
Nanhu,20210717,75,0,29.1
Nanhu,20210718,75,0,28.8
Nanhu,20210719,73,0,29.4
Nanhu,20210720,76,0.4,29.5
Nanhu,20210721,68,0,29.6
Nanhu,20210722,73,0.5,29.1
Nanhu,20210723,73,0.3,29.2
Nanhu,20210724,90,68.4,26.3
Nanhu,20210725,93,60.7,25.6
Nanhu,20210726,96,62.8,25.4
Nanhu,20210727,94,36,26.2
Nanhu,20210728,87,31.5,28.3
Nanhu,20210729,77,0.2,30.3
Nanhu,20210730,74,2,29.8
Nanhu,20210731,86,1.4,28.8
Nanhu,20210801,86,0.9,28.6
Nanhu,20210801,86,0.9,28.6
Nanhu,20210802,80,0.2,29.6
Nanhu,20210803,84,1.6,28.8
Nanhu,20210804,80,0,29.1
Nanhu,20210805,79,0,29.1
Nanhu,20210806,78,0,29.2
Nanhu,20210807,74,0.6,29
Nanhu,20210808,70,0,29.1
Nanhu,20210809,75,0,29.6
Nanhu,20210810,85,40.6,28.7
Nanhu,20210811,95,64.1,26.6
Nanhu,20210812,91,15,27.2
Nanhu,20210813,93,22.7,25.8
Nanhu,20210814,94,23.1,23.8
Nanhu,20210815,93,65.5,24.8
Nanhu,20210816,88,2.2,26.4
Nanhu,20210817,81,0.3,27
Nanhu,20210818,75,0,27.1
Nanhu,20210819,75,0,28.2
Nanhu,20210820,77,0,29.1
Nanhu,20210821,79,0,29
Nanhu,20210822,80,0,29.2
Nanhu,20210823,76,0,30.2
Nanhu,20210824,79,19.1,29.5
Nanhu,20210825,76,0.9,27.9
Nanhu,20210826,79,45.4,29
Nanhu,20210827,80,0.1,28.7
Nanhu,20210828,77,0,30.1
Nanhu,20210829,75,0,30.3
Nanhu,20210830,74,0,30.3
Nanhu,20210831,75,0,30.4
Nanhu,20210901,72,0,31.2
Nanhu,20210901,72,0,31.2
Nanhu,20210902,85,2.7,28.6
Nanhu,20210903,83,5,27.9
Nanhu,20210904,80,0,29
Nanhu,20210905,76,0,30.1
Nanhu,20210906,80,0,28.6
Nanhu,20210907,71,0,27.1
Nanhu,20210908,75,0,25.8
Nanhu,20210909,81,0,27.5
Nanhu,20210910,91,151.4,25.6
Nanhu,20210911,88,32,26.6
Nanhu,20210912,89,10.5,25.8
Nanhu,20210913,92,41.7,24.4
Nanhu,20210914,85,2,24.9
Nanhu,20210915,84,1.3,24.5
Nanhu,20210916,81,0.6,25
Nanhu,20210917,73,0,24.2
Nanhu,20210918,75,0,24.6
Nanhu,20210919,80,0,26.4
Nanhu,20210920,77,0,27
Nanhu,20210921,66,0,26.6
Nanhu,20210922,69,0,26.9
Nanhu,20210923,66,0,27.4
Nanhu,20210924,72,0,26.1
Nanhu,20210925,75,0,25.2
Nanhu,20210926,72,0,25.7
Nanhu,20210927,74,0,27
Nanhu,20210928,78,0,27.2
Nanhu,20210929,81,0,26.5
Nanhu,20210930,71,0,24.9
Nanhu,20211001,75,0,24.7
Nanhu,20211001,75,0,24.7
Nanhu,20211002,74,0,26.2
Nanhu,20211003,68,0,26.3
Nanhu,20211004,71,0,27.1
Nanhu,20211005,72,0,26.6
Nanhu,20211006,82,0,26.2
Nanhu,20211007,79,0,26.4
Nanhu,20211008,80,0,26.3
Nanhu,20211009,82,0.4,26.9
Nanhu,20211010,88,41.8,25.7
Nanhu,20211011,86,3,20.3
Nanhu,20211012,75,0.8,20.7
Nanhu,20211013,93,3.3,23.3
Nanhu,20211014,87,0.2,25.8
Nanhu,20211015,88,0.1,23.5
Nanhu,20211016,84,6.3,16.8
Nanhu,20211017,64,0,14.4
Nanhu,20211018,72,0.1,14.8
Nanhu,20211019,73,0,15.9
Nanhu,20211020,82,23.6,13.2
Nanhu,20211021,78,6.3,13
Nanhu,20211022,69,0,14.7
Nanhu,20211023,61,0,16.7
Nanhu,20211024,63,0,17.3
Nanhu,20211025,78,0,15.9
Nanhu,20211026,81,0,16.2
Nanhu,20211027,80,0.3,16.6
Nanhu,20211028,64,0,17.8
Nanhu,20211029,65,0,17.8
Nanhu,20211030,77,0,16.9
Nanhu,20211031,80,0,17.3
Nanhu,20211101,73,0,18.2
Nanhu,20211101,73,0,18.2
Nanhu,20211102,75,0,17.9
Nanhu,20211103,72,0,17.3
Nanhu,20211104,82,0.2,17.4
Nanhu,20211105,88,0.9,19.2
Nanhu,20211106,91,0.7,18.8
Nanhu,20211107,87,15.6,15.6
Nanhu,20211108,55,0.6,7
Nanhu,20211109,50,0,9.2
Nanhu,20211110,48,0,11.8
Nanhu,20211111,53,0,11.9
Nanhu,20211112,58,0,11.9
Nanhu,20211113,67,0,12.8
Nanhu,20211114,70,0,12.7
Nanhu,20211115,68,0,12.9
Nanhu,20211116,73,0,15
Nanhu,20211117,84,0.5,14
Nanhu,20211118,81,0,14.8
Nanhu,20211119,76,0,16.1
Nanhu,20211120,77,0,16
Nanhu,20211121,88,10.2,15.4
Nanhu,20211122,53,12.4,9.3
Nanhu,20211123,55,0,5.3
Nanhu,20211124,64,0,7.5
Nanhu,20211125,66,0,10.6
Nanhu,20211126,72,0,10.9
Nanhu,20211127,70,0,12.4
Nanhu,20211128,69,0,15
Nanhu,20211129,90,3.2,15.3
Nanhu,20211130,60,0.5,11.2
Nanhu,20211201,51,0,6.1
Nanhu,20211201,51,0,6.1
Nanhu,20211202,67,0,5
Nanhu,20211203,59,0,8
Nanhu,20211204,71,0,7.6
Nanhu,20211205,79,0,9.5
Nanhu,20211206,77,0,9.9
Nanhu,20211207,74,0,10.1
Nanhu,20211208,75,0,11.3
Nanhu,20211209,78,0,11.7
Nanhu,20211210,82,0,10.1
Nanhu,20211211,78,0,12
Nanhu,20211212,78,1.4,10.2
Nanhu,20211213,64,0,6.9
Nanhu,20211214,79,0,6.7
Nanhu,20211215,84,0.4,10.7
Nanhu,20211216,92,1.9,11.4
Nanhu,20211217,57,0.5,8.3
Nanhu,20211218,54,0,2.8
Nanhu,20211219,63,0,5
Nanhu,20211220,64,0,8.6
Nanhu,20211221,69,0,10
Nanhu,20211222,74,0,8.1
Nanhu,20211223,78,0,10.4
Nanhu,20211224,83,0.3,10.5
Nanhu,20211225,66,0,3.1
Nanhu,20211226,48,0,0.3
Nanhu,20211227,43,0,0
Nanhu,20211228,60,0,2.3
Nanhu,20211229,55,0,6.3
Nanhu,20211230,53,0,4.1
Nanhu,20211231,64,0,4.5
Tongxiang,20191231,61,0.1,3.9
Tongxiang,20200101,74,0,4.7
Tongxiang,20200102,85,1,9.1
Tongxiang,20200103,96,0.5,9
Tongxiang,20200104,97,1.9,9.3
Tongxiang,20200105,89,0.3,11.5
Tongxiang,20200106,83,0,15.9
Tongxiang,20200107,87,0,12.3
Tongxiang,20200108,69,0,6
Tongxiang,20200109,83,0,5.2
Tongxiang,20200110,98,1.6,7.3
Tongxiang,20200111,97,7.2,6.6
Tongxiang,20200112,77,0.7,5.7
Tongxiang,20200113,80,0,4.7
Tongxiang,20200114,76,0,5.8
Tongxiang,20200115,90,0.1,4.3
Tongxiang,20200116,97,12.8,6
Tongxiang,20200117,89,1.7,4.9
Tongxiang,20200118,76,0,4.5
Tongxiang,20200119,75,0,5.5
Tongxiang,20200120,78,0,5.3
Tongxiang,20200121,85,0,6.2
Tongxiang,20200122,95,3.8,8.4
Tongxiang,20200123,97,8.9,8.4
Tongxiang,20200124,95,13.9,8
Tongxiang,20200125,96,10.8,6.9
Tongxiang,20200126,97,13.3,7.2
Tongxiang,20200127,91,6.8,5.2
Tongxiang,20200128,81,0,5
Tongxiang,20200129,64,0,6.2
Tongxiang,20200130,64,0.2,5.7
Tongxiang,20200131,66,0,4.5
Tongxiang,20200201,65,0,5.3
Tongxiang,20200202,68,0,8.1
Tongxiang,20200203,79,0.2,8.4
Tongxiang,20200204,80,0.1,7.9
Tongxiang,20200205,79,0,7
Tongxiang,20200206,82,0,5.8
Tongxiang,20200207,94,7.6,5.8
Tongxiang,20200208,84,0.4,6.7
Tongxiang,20200209,80,0,7.1
Tongxiang,20200210,73,0,8.5
Tongxiang,20200211,93,7.7,9.9
Tongxiang,20200212,92,4.8,11.9
Tongxiang,20200213,94,0,13
Tongxiang,20200214,96,0.4,14.3
Tongxiang,20200215,95,1.2,9.4
Tongxiang,20200216,63,9.5,2.9
Tongxiang,20200217,47,0,5
Tongxiang,20200218,55,0,5.1
Tongxiang,20200219,64,0,7
Tongxiang,20200220,72,0,10
Tongxiang,20200221,73,0,11.2
Tongxiang,20200222,64,0.1,11.8
Tongxiang,20200223,66,0,10.7
Tongxiang,20200224,67,0,16.2
Tongxiang,20200225,70,0,19
Tongxiang,20200226,88,1,10.8
Tongxiang,20200227,76,0,9.7
Tongxiang,20200228,83,0.5,11.1
Tongxiang,20200229,93,3.4,10.1
Tongxiang,20200301,92,7.1,10.1
Tongxiang,20200302,75,1,9
Tongxiang,20200303,79,0.5,9
Tongxiang,20200304,75,0.8,9.3
Tongxiang,20200305,58,0,8.1
Tongxiang,20200306,73,0,9.6
Tongxiang,20200307,84,0.6,12.7
Tongxiang,20200308,83,0,12.2
Tongxiang,20200309,94,19.5,13
Tongxiang,20200310,79,2,11
Tongxiang,20200311,72,0,10.9
Tongxiang,20200312,76,0,12.7
Tongxiang,20200313,92,0.8,12.2
Tongxiang,20200314,71,0.2,10.6
Tongxiang,20200315,51,0,13.3
Tongxiang,20200316,55,0,13.3
Tongxiang,20200317,55,0,16.4
Tongxiang,20200318,60,0,17.8
Tongxiang,20200319,56,0,16.7
Tongxiang,20200320,47,0,16.2
Tongxiang,20200321,68,0,19.4
Tongxiang,20200322,84,18.6,17.7
Tongxiang,20200323,58,0,14.1
Tongxiang,20200324,61,0,14.9
Tongxiang,20200325,67,0.2,18.3
Tongxiang,20200326,91,2.3,20.1
Tongxiang,20200327,84,10.2,12.6
Tongxiang,20200328,90,18.8,6
Tongxiang,20200329,89,0.1,7
Tongxiang,20200330,96,6.7,9.1
Tongxiang,20200331,96,0.1,10.8
Tongxiang,20200401,81,1.2,12.4
Tongxiang,20200402,71,0,12.4
Tongxiang,20200403,67,0,13.2
Tongxiang,20200404,70,0,13.4
Tongxiang,20200405,63,0,11.8
Tongxiang,20200406,68,0,11.5
Tongxiang,20200407,66,0,13
Tongxiang,20200408,49,0,15.3
Tongxiang,20200409,53,0,16.9
Tongxiang,20200410,72,0,16.9
Tongxiang,20200411,92,3.1,12.4
Tongxiang,20200412,62,0.1,12.8
Tongxiang,20200413,45,0.4,14.5
Tongxiang,20200414,56,0,14.4
Tongxiang,20200415,51,0,18.6
Tongxiang,20200416,55,0,20.5
Tongxiang,20200417,60,0,20.9
Tongxiang,20200418,69,0.1,16.8
Tongxiang,20200419,84,15.4,15
Tongxiang,20200420,76,0,16.5
Tongxiang,20200421,81,14.7,13.3
Tongxiang,20200422,68,1.3,15
Tongxiang,20200423,57,0,16
Tongxiang,20200424,48,0,17.1
Tongxiang,20200425,48,0,19.4
Tongxiang,20200426,60,0,19.6
Tongxiang,20200427,69,0,16.5
Tongxiang,20200428,57,0.5,16.4
Tongxiang,20200429,59,0,20.5
Tongxiang,20200430,62,0,24.6
Tongxiang,20200501,79,1.2,22.9
Tongxiang,20200502,77,3.4,24.4
Tongxiang,20200503,65,0,27.6
Tongxiang,20200504,71,0,26.5
Tongxiang,20200505,93,0,20.2
Tongxiang,20200506,87,0.2,19.2
Tongxiang,20200507,84,0,21.2
Tongxiang,20200508,82,0.9,24.9
Tongxiang,20200509,84,4.6,21.7
Tongxiang,20200510,84,8.1,19.7
Tongxiang,20200511,75,0,22
Tongxiang,20200512,43,0,23.3
Tongxiang,20200513,51,0,23.2
Tongxiang,20200514,57,0,23.9
Tongxiang,20200515,89,4.4,23.5
Tongxiang,20200516,87,2,24.6
Tongxiang,20200517,82,0.1,26.1
Tongxiang,20200518,62,0,25.5
Tongxiang,20200519,44,0,22.5
Tongxiang,20200520,52,0,24.1
Tongxiang,20200521,77,0.8,22.1
Tongxiang,20200522,76,1.2,21.7
Tongxiang,20200523,76,0,23.4
Tongxiang,20200524,75,0,25.4
Tongxiang,20200525,78,0.3,23.3
Tongxiang,20200526,94,28.8,19.1
Tongxiang,20200527,78,0,22.6
Tongxiang,20200528,73,0,24.8
Tongxiang,20200529,83,0,22.5
Tongxiang,20200530,97,23.8,19.1
Tongxiang,20200531,83,0.1,23.4
Tongxiang,20200601,72,0,26.5
Tongxiang,20200602,73,0,26.7
Tongxiang,20200603,94,6.1,24.7
Tongxiang,20200604,89,0.5,25.1
Tongxiang,20200605,94,2.2,24.1
Tongxiang,20200606,88,3.2,23.5
Tongxiang,20200607,78,0,24.1
Tongxiang,20200608,83,0,24.7
Tongxiang,20200609,84,0,26.5
Tongxiang,20200610,93,2.9,26.2
Tongxiang,20200611,93,2.2,26.9
Tongxiang,20200612,82,0,29.3
Tongxiang,20200613,76,0.4,30.3
Tongxiang,20200614,82,0.6,29.3
Tongxiang,20200615,92,1.7,27.2
Tongxiang,20200616,93,2,26.2
Tongxiang,20200617,82,1.9,29.2
Tongxiang,20200618,77,0,28
Tongxiang,20200619,89,14.3,23
Tongxiang,20200620,94,6.9,21.3
Tongxiang,20200621,98,21,21.3
Tongxiang,20200622,97,5.7,23
Tongxiang,20200623,94,0.3,26
Tongxiang,20200624,92,4.3,25.8
Tongxiang,20200625,96,16.7,24.3
Tongxiang,20200626,89,0.1,27
Tongxiang,20200627,95,5.1,26.5
Tongxiang,20200628,91,18,27.7
Tongxiang,20200629,90,5.6,27.1
Tongxiang,20200630,80,14.1,26
Tongxiang,20200701,82,0,26.2
Tongxiang,20200702,88,5.4,25.7
Tongxiang,20200703,94,33.7,25.9
Tongxiang,20200704,92,0.8,24.7
Tongxiang,20200705,97,3.8,25.4
Tongxiang,20200706,98,22,25.9
Tongxiang,20200707,90,22.2,27.4
Tongxiang,20200708,93,1.6,26.4
Tongxiang,20200709,94,4.9,26.3
Tongxiang,20200710,96,8,25.4
Tongxiang,20200711,95,2,26.8
Tongxiang,20200712,78,0,30.5
Tongxiang,20200713,84,1.8,27.7
Tongxiang,20200714,89,0.4,25
Tongxiang,20200715,96,10,22.7
Tongxiang,20200716,96,28.3,22.3
Tongxiang,20200717,94,0.7,24.2
Tongxiang,20200718,90,0,27.9
Tongxiang,20200719,80,1.5,29.7
Tongxiang,20200720,93,14.4,25
Tongxiang,20200721,88,0.7,27.4
Tongxiang,20200722,81,0.4,29.4
Tongxiang,20200723,75,0,30.2
Tongxiang,20200724,88,3.4,24.7
Tongxiang,20200725,84,0.6,24.9
Tongxiang,20200726,88,0.1,26
Tongxiang,20200727,86,1.2,27.7
Tongxiang,20200728,85,0.5,28.7
Tongxiang,20200729,81,0,29.3
Tongxiang,20200730,75,0.2,30.3
Tongxiang,20200731,78,0,30.1
Tongxiang,20200801,69,0,31.8
Tongxiang,20200802,64,0,32
Tongxiang,20200803,65,0,31.3
Tongxiang,20200804,82,0.1,28.6
Tongxiang,20200805,80,52.6,29.8
Tongxiang,20200806,72,0,31.2
Tongxiang,20200807,73,0,31.2
Tongxiang,20200808,76,0.5,29.9
Tongxiang,20200809,72,0.1,31.3
Tongxiang,20200810,81,1.6,29.8
Tongxiang,20200811,74,0.5,30.7
Tongxiang,20200812,60,0,32.1
Tongxiang,20200813,62,0,32.5
Tongxiang,20200814,63,0,32.6
Tongxiang,20200815,63,0,32.6
Tongxiang,20200816,62,0,32.3
Tongxiang,20200817,63,0,31.9
Tongxiang,20200818,66,0,31.5
Tongxiang,20200819,64,0,31.9
Tongxiang,20200820,66,0,31.9
Tongxiang,20200821,70,0,30.6
Tongxiang,20200822,74,0,30.4
Tongxiang,20200823,70,0,30.6
Tongxiang,20200824,66,0,31.2
Tongxiang,20200825,70,0,30.8
Tongxiang,20200826,75,1.4,29.5
Tongxiang,20200827,77,0.3,28.6
Tongxiang,20200828,92,6,25.7
Tongxiang,20200829,92,10.4,25.3
Tongxiang,20200830,81,0.1,29
Tongxiang,20200831,78,0,29.9
Tongxiang,20200901,80,0.3,28.8
Tongxiang,20200902,76,0.7,28.2
Tongxiang,20200903,65,0.1,27.1
Tongxiang,20200904,61,0,27.2
Tongxiang,20200905,55,0,27.5
Tongxiang,20200906,62,0,26.1
Tongxiang,20200907,55,0,27.8
Tongxiang,20200908,58,0,28.4
Tongxiang,20200909,65,0,27.7
Tongxiang,20200910,75,0,26.9
Tongxiang,20200911,89,20.9,23.4
Tongxiang,20200912,80,0,24.4
Tongxiang,20200913,80,0,24.2
Tongxiang,20200914,90,0,22.8
Tongxiang,20200915,94,3.1,22.7
Tongxiang,20200916,92,3.4,24.1
Tongxiang,20200917,97,32.5,21.4
Tongxiang,20200918,95,9,17.6
Tongxiang,20200919,93,8.2,19.4
Tongxiang,20200920,81,0.4,21.9
Tongxiang,20200921,80,0.2,22.1
Tongxiang,20200922,83,0.6,21.5
Tongxiang,20200923,91,4.1,19.7
Tongxiang,20200924,78,0.2,21.8
Tongxiang,20200925,76,0,22.1
Tongxiang,20200926,75,0,22.4
Tongxiang,20200927,78,0.1,22.4
Tongxiang,20200928,77,1.2,23
Tongxiang,20200929,73,0,23
Tongxiang,20200930,73,0.3,22.3
Tongxiang,20201001,74,0,22.6
Tongxiang,20201002,72,0,24.4
Tongxiang,20201003,82,0.2,23.9
Tongxiang,20201004,89,13,20.9
Tongxiang,20201005,64,0.9,18.5
Tongxiang,20201006,60,0,19.7
Tongxiang,20201007,65,0,20
Tongxiang,20201008,67,0,20.1
Tongxiang,20201009,71,0,19.7
Tongxiang,20201010,74,0,19.5
Tongxiang,20201011,75,0,20.1
Tongxiang,20201012,74,0,20.3
Tongxiang,20201013,75,0,19.9
Tongxiang,20201014,67,0,20.1
Tongxiang,20201015,73,0,19.1
Tongxiang,20201016,94,7.6,15.4
Tongxiang,20201017,78,0.9,17
Tongxiang,20201018,77,0.1,17
Tongxiang,20201019,75,0.2,17.1
Tongxiang,20201020,76,0,17.1
Tongxiang,20201021,84,0.5,16.7
Tongxiang,20201022,75,0.3,17.2
Tongxiang,20201023,60,0,15.6
Tongxiang,20201024,65,0,13.9
Tongxiang,20201025,71,0,15.9
Tongxiang,20201026,77,0,18.4
Tongxiang,20201027,78,0,19.2
Tongxiang,20201028,76,0,18.7
Tongxiang,20201029,75,0.1,18.1
Tongxiang,20201030,72,0,16.4
Tongxiang,20201031,71,0,16.8
Tongxiang,20201101,78,0,18
Tongxiang,20201102,81,2.3,17.3
Tongxiang,20201103,61,0,14.9
Tongxiang,20201104,57,0,14.4
Tongxiang,20201105,68,0,16.8
Tongxiang,20201106,74,0,18.3
Tongxiang,20201107,61,0,18.8
Tongxiang,20201108,55,0,16.6
Tongxiang,20201109,66,0,14
Tongxiang,20201110,70,0,13.7
Tongxiang,20201111,71,0,14.2
Tongxiang,20201112,72,0,15.2
Tongxiang,20201113,77,0,15.3
Tongxiang,20201114,79,0,15.3
Tongxiang,20201115,81,0,16.7
Tongxiang,20201116,87,0,18.2
Tongxiang,20201117,84,0,20
Tongxiang,20201118,69,0,23.5
Tongxiang,20201119,74,0.3,19.8
Tongxiang,20201120,83,7.2,14.6
Tongxiang,20201121,81,0.1,15.5
Tongxiang,20201122,90,3.5,12.2
Tongxiang,20201123,83,1.3,9.7
Tongxiang,20201124,96,4.5,9.6
Tongxiang,20201125,97,5.6,11.3
Tongxiang,20201126,92,9.2,11.8
Tongxiang,20201127,92,2.2,10.1
Tongxiang,20201128,74,0.2,8.8
Tongxiang,20201129,73,0.2,7.9
Tongxiang,20201130,71,0,8.6
Tongxiang,20201201,70,0,10.6
Tongxiang,20201202,78,0,10.6
Tongxiang,20201203,76,0.2,8.2
Tongxiang,20201204,64,0,6.1
Tongxiang,20201205,71,0,6.4
Tongxiang,20201206,75,0,9.7
Tongxiang,20201207,85,0,9.9
Tongxiang,20201208,79,0.1,8.8
Tongxiang,20201209,74,0,10.4
Tongxiang,20201210,82,0,10.3
Tongxiang,20201211,88,0.6,8.8
Tongxiang,20201212,79,0,8.1
Tongxiang,20201213,73,0,7.8
Tongxiang,20201214,72,3.8,2.7
Tongxiang,20201215,50,0.1,2.9
Tongxiang,20201216,45,0,3.5
Tongxiang,20201217,58,0,5
Tongxiang,20201218,83,2,4.9
Tongxiang,20201219,67,0.2,5.2
Tongxiang,20201220,64,0,4.3
Tongxiang,20201221,69,0,3.2
Tongxiang,20201222,72,0,4.6
Tongxiang,20201223,78,0,8.1
Tongxiang,20201224,65,0.4,8.8
Tongxiang,20201225,70,0,6.1
Tongxiang,20201226,71,0,9.6
Tongxiang,20201227,80,0.1,10
Tongxiang,20201228,83,0,9.1
Tongxiang,20201229,91,0,7.7
Tongxiang,20201230,53,1.2,-2.1
Tongxiang,20201231,45,0,-2.9
Tongxiang,20210101,59,0,1
Tongxiang,20210101,59,0,1
Tongxiang,20210102,63,0,1.3
Tongxiang,20210103,73,0,5.7
Tongxiang,20210104,78,0,9.2
Tongxiang,20210105,73,0,7.4
Tongxiang,20210106,65,0,4
Tongxiang,20210107,43,0,2.1
Tongxiang,20210108,32,0,3.9
Tongxiang,20210109,43,0,1.6
Tongxiang,20210110,44,0,0.5
Tongxiang,20210111,44,0,2.1
Tongxiang,20210112,33,0,4.6
Tongxiang,20210113,35,0,8.6
Tongxiang,20210114,50,0,9.2
Tongxiang,20210115,46,0,12.1
Tongxiang,20210116,61,0,5.1
Tongxiang,20210117,50,0,2.9
Tongxiang,20210118,48,0,4.9
Tongxiang,20210119,64,0,6.2
Tongxiang,20210120,74,0,11.1
Tongxiang,20210121,79,0,14.3
Tongxiang,20210122,94,5.3,10.5
Tongxiang,20210123,91,2.2,7.8
Tongxiang,20210124,84,0,6.8
Tongxiang,20210125,85,0.7,10.5
Tongxiang,20210126,92,3.4,7.2
Tongxiang,20210127,87,1.8,7.5
Tongxiang,20210128,70,0.1,8
Tongxiang,20210129,51,0,5
Tongxiang,20210130,55,0,8.8
Tongxiang,20210131,59,0,13
Tongxiang,20210201,84,2.1,9.7
Tongxiang,20210201,84,2.1,9.7
Tongxiang,20210202,77,0,7.9
Tongxiang,20210203,74,0,9.4
Tongxiang,20210204,65,0,9.1
Tongxiang,20210205,89,7.9,8.8
Tongxiang,20210206,76,0,11.5
Tongxiang,20210207,63,0,12.7
Tongxiang,20210208,68,0.9,8.3
Tongxiang,20210209,65,0,7.3
Tongxiang,20210210,76,0,9.4
Tongxiang,20210211,93,21.6,9.5
Tongxiang,20210212,87,0.2,10.7
Tongxiang,20210213,77,0,12.5
Tongxiang,20210214,80,0,13.9
Tongxiang,20210215,76,0,10.8
Tongxiang,20210216,66,0,8.9
Tongxiang,20210217,55,0,5.9
Tongxiang,20210218,56,0,5.1
Tongxiang,20210219,46,0,11
Tongxiang,20210220,39,0,16.3
Tongxiang,20210221,40,0,17.8
Tongxiang,20210222,53,0,16.8
Tongxiang,20210223,64,0,10.2
Tongxiang,20210224,75,0,10.7
Tongxiang,20210225,88,6.1,12.7
Tongxiang,20210226,94,15.5,9.2
Tongxiang,20210227,84,1.1,10.9
Tongxiang,20210228,91,1,12.3
Tongxiang,20210301,94,17.1,11.2
Tongxiang,20210301,94,17.1,11.2
Tongxiang,20210302,65,0.1,7.5
Tongxiang,20210303,72,1.1,8.3
Tongxiang,20210304,78,3.8,10.7
Tongxiang,20210305,88,0.4,9.9
Tongxiang,20210306,87,11.2,9.8
Tongxiang,20210307,95,12.7,6.9
Tongxiang,20210308,89,5.2,9.6
Tongxiang,20210309,88,0.6,9.6
Tongxiang,20210310,67,0,12.1
Tongxiang,20210311,90,10.9,11
Tongxiang,20210312,75,0.1,11.9
Tongxiang,20210313,69,0,12.1
Tongxiang,20210314,77,0,12.7
Tongxiang,20210315,74,7.2,18
Tongxiang,20210316,92,11.8,13.9
Tongxiang,20210317,85,6.7,9.1
Tongxiang,20210318,68,0.3,12.2
Tongxiang,20210319,94,11.8,12.5
Tongxiang,20210320,87,6,11.1
Tongxiang,20210321,66,0,11.6
Tongxiang,20210322,52,0,10.2
Tongxiang,20210323,56,0,12.3
Tongxiang,20210324,65,0.7,14.9
Tongxiang,20210325,61,0,15.5
Tongxiang,20210326,60,0,18
Tongxiang,20210327,83,3.9,18.1
Tongxiang,20210328,66,0.1,19.1
Tongxiang,20210329,68,0,20.2
Tongxiang,20210330,78,0,16.5
Tongxiang,20210331,90,24.6,15.1
Tongxiang,20210401,95,2.5,16.5
Tongxiang,20210401,95,2.5,16.5
Tongxiang,20210402,88,1.1,17.2
Tongxiang,20210403,84,0.2,15.6
Tongxiang,20210404,60,0,13.4
Tongxiang,20210405,47,0,13.4
Tongxiang,20210406,56,0,16.4
Tongxiang,20210407,60,2.2,13.9
Tongxiang,20210408,70,1.9,13.1
Tongxiang,20210409,53,0,14.3
Tongxiang,20210410,62,0,14.5
Tongxiang,20210411,94,16.4,15.5
Tongxiang,20210412,93,15.1,16.4
Tongxiang,20210413,79,0,16.8
Tongxiang,20210414,69,0.3,13.1
Tongxiang,20210415,71,0,13.7
Tongxiang,20210416,75,0,18.3
Tongxiang,20210417,64,0,18
Tongxiang,20210418,45,0,16.1
Tongxiang,20210419,55,0,17.3
Tongxiang,20210420,64,0,17.8
Tongxiang,20210421,68,0,20.4
Tongxiang,20210422,76,1.7,20.4
Tongxiang,20210423,83,0,20
Tongxiang,20210424,89,0.7,18.3
Tongxiang,20210425,79,0,19.5
Tongxiang,20210426,68,0,19.6
Tongxiang,20210427,86,0.4,18.2
Tongxiang,20210428,76,0,19.4
Tongxiang,20210429,51,0,22.9
Tongxiang,20210430,41,3,25.9
Tongxiang,20210501,52,0.9,21.4
Tongxiang,20210501,52,0.9,21.4
Tongxiang,20210502,56,0,19.3
Tongxiang,20210503,59,0,22.3
Tongxiang,20210504,86,11.9,20.7
Tongxiang,20210505,59,0,20.6
Tongxiang,20210506,42,0,21.8
Tongxiang,20210507,64,0,24
Tongxiang,20210508,65,0,25.1
Tongxiang,20210509,59,0,27.5
Tongxiang,20210510,54,0,29
Tongxiang,20210511,84,11.6,24.1
Tongxiang,20210512,91,1.1,22.4
Tongxiang,20210513,92,5.3,21.2
Tongxiang,20210514,84,3.7,25.8
Tongxiang,20210515,76,0.1,28.8
Tongxiang,20210516,87,37.1,23.5
Tongxiang,20210517,74,11.8,19.3
Tongxiang,20210518,67,1,20.6
Tongxiang,20210519,87,12.7,19.5
Tongxiang,20210520,83,2.2,19.9
Tongxiang,20210521,75,0,21.4
Tongxiang,20210522,74,0.2,21.6
Tongxiang,20210523,91,27.2,19.5
Tongxiang,20210524,70,0,22.9
Tongxiang,20210525,56,0,26.7
Tongxiang,20210526,85,40.5,22
Tongxiang,20210527,78,0.1,24.2
Tongxiang,20210528,73,0,25.4
Tongxiang,20210529,58,0,26
Tongxiang,20210530,61,0,27.1
Tongxiang,20210531,62,0,25.5
Tongxiang,20210601,79,6.3,23.8
Tongxiang,20210601,79,6.3,23.8
Tongxiang,20210602,91,0.4,23.3
Tongxiang,20210603,88,21.1,23.8
Tongxiang,20210604,80,0.9,21.3
Tongxiang,20210605,57,0,25.5
Tongxiang,20210606,52,0,27.1
Tongxiang,20210607,63,0,25.9
Tongxiang,20210608,74,0,26.7
Tongxiang,20210609,78,5.2,28
Tongxiang,20210610,87,0.5,26.6
Tongxiang,20210611,77,0,27.9
Tongxiang,20210612,83,9,26.8
Tongxiang,20210613,92,5,25.7
Tongxiang,20210614,86,12.1,27.8
Tongxiang,20210615,76,0.1,30.4
Tongxiang,20210616,82,0.2,27.2
Tongxiang,20210617,84,4.7,27.6
Tongxiang,20210618,93,5.1,25.8
Tongxiang,20210619,94,33.4,20.5
Tongxiang,20210620,92,4,22
Tongxiang,20210621,66,0,25
Tongxiang,20210622,66,0,26.1
Tongxiang,20210623,61,0,26.9
Tongxiang,20210624,60,0,28
Tongxiang,20210625,68,0,27.4
Tongxiang,20210626,87,9.8,26.3
Tongxiang,20210627,94,64,26
Tongxiang,20210628,85,0.1,26.9
Tongxiang,20210629,78,0,27
Tongxiang,20210630,84,0,26.5
Tongxiang,20210701,82,0.8,27.1
Tongxiang,20210701,82,0.8,27.1
Tongxiang,20210702,93,55.5,26.2
Tongxiang,20210703,88,4.6,27.5
Tongxiang,20210704,89,0,27.1
Tongxiang,20210705,82,6.7,29.8
Tongxiang,20210706,67,0,31.2
Tongxiang,20210707,75,8.4,30.4
Tongxiang,20210708,80,7.3,28.8
Tongxiang,20210709,83,6,26.9
Tongxiang,20210710,80,3.9,28.9
Tongxiang,20210711,71,0,32.1
Tongxiang,20210712,62,0,33.6
Tongxiang,20210713,62,0,33.5
Tongxiang,20210714,63,0,33.6
Tongxiang,20210715,64,0,33
Tongxiang,20210716,67,0,31.2
Tongxiang,20210717,72,0,29.5
Tongxiang,20210718,71,0,29.4
Tongxiang,20210719,70,0,29.9
Tongxiang,20210720,73,0,30.1
Tongxiang,20210721,67,0,29.8
Tongxiang,20210722,73,4.7,29.2
Tongxiang,20210723,72,2.5,29.4
Tongxiang,20210724,90,51.4,26.4
Tongxiang,20210725,93,51.5,25.7
Tongxiang,20210726,97,48.7,25.5
Tongxiang,20210727,94,37.5,26.3
Tongxiang,20210728,85,25.6,28.9
Tongxiang,20210729,74,0,30.7
Tongxiang,20210730,73,5.5,30
Tongxiang,20210731,82,0.4,29.4
Tongxiang,20210801,85,11.4,28.6
Tongxiang,20210801,85,11.4,28.6
Tongxiang,20210802,80,0,29.8
Tongxiang,20210803,83,0,29
Tongxiang,20210804,80,0,29.4
Tongxiang,20210805,77,0,29.4
Tongxiang,20210806,77,0,29.5
Tongxiang,20210807,72,0,29.5
Tongxiang,20210808,70,0,29.2
Tongxiang,20210809,72,0,30.2
Tongxiang,20210810,82,85.9,28.7
Tongxiang,20210811,93,31.3,26.9
Tongxiang,20210812,90,31.1,27.5
Tongxiang,20210813,92,6.7,26.1
Tongxiang,20210814,94,20.6,23.9
Tongxiang,20210815,93,17.8,25
Tongxiang,20210816,89,0.7,26.3
Tongxiang,20210817,81,1.4,27.3
Tongxiang,20210818,72,0,27.6
Tongxiang,20210819,74,0,28.5
Tongxiang,20210820,71,0,30.1
Tongxiang,20210821,75,0,29.8
Tongxiang,20210822,79,0,29.6
Tongxiang,20210823,74,1.2,30.5
Tongxiang,20210824,82,44.4,28.7
Tongxiang,20210825,73,0.3,28.3
Tongxiang,20210826,76,41.9,29
Tongxiang,20210827,81,0,28.8
Tongxiang,20210828,78,0,29.9
Tongxiang,20210829,73,0,30.7
Tongxiang,20210830,71,0,31.1
Tongxiang,20210831,67,0,31.5
Tongxiang,20210901,66,0,32.2
Tongxiang,20210901,66,0,32.2
Tongxiang,20210902,80,0,29.5
Tongxiang,20210903,78,0,28.8
Tongxiang,20210904,76,0,29.8
Tongxiang,20210905,74,0,30.4
Tongxiang,20210906,82,0,28.1
Tongxiang,20210907,73,0,26.6
Tongxiang,20210908,71,0,26.4
Tongxiang,20210909,78,0,27.9
Tongxiang,20210910,87,13.6,26.7
Tongxiang,20210911,87,19.4,26.8
Tongxiang,20210912,88,11.4,26
Tongxiang,20210913,92,42.5,24.5
Tongxiang,20210914,85,6.5,24.9
Tongxiang,20210915,82,1.1,24.8
Tongxiang,20210916,84,0.5,24.9
Tongxiang,20210917,74,0,24.2
Tongxiang,20210918,72,0,25.1
Tongxiang,20210919,78,0,26.8
Tongxiang,20210920,76,0,27
Tongxiang,20210921,61,0,27.3
Tongxiang,20210922,57,0,28.2
Tongxiang,20210923,59,0,28.4
Tongxiang,20210924,68,0,26.8
Tongxiang,20210925,71,0,25.8
Tongxiang,20210926,71,0,26.1
Tongxiang,20210927,68,0,27.7
Tongxiang,20210928,75,0,27.4
Tongxiang,20210929,82,0.3,26.5
Tongxiang,20210930,70,0,25.2
Tongxiang,20211001,68,0,26.4
Tongxiang,20211001,68,0,26.4
Tongxiang,20211002,69,0,27.1
Tongxiang,20211003,63,0,27.3
Tongxiang,20211004,66,0,28
Tongxiang,20211005,65,0,27.5
Tongxiang,20211006,80,0,26.6
Tongxiang,20211007,82,0.3,26
Tongxiang,20211008,82,0,25.2
Tongxiang,20211009,80,0,27.2
Tongxiang,20211010,86,41.2,26
Tongxiang,20211011,88,3,20
Tongxiang,20211012,76,0.2,20.3
Tongxiang,20211013,94,4.3,21.4
Tongxiang,20211014,89,4.5,25
Tongxiang,20211015,90,0.8,22.5
Tongxiang,20211016,88,9.2,16.6
Tongxiang,20211017,62,0,14.5
Tongxiang,20211018,73,0.1,14.9
Tongxiang,20211019,78,0,15.4
Tongxiang,20211020,84,23.9,13.1
Tongxiang,20211021,81,6.2,12.6
Tongxiang,20211022,74,0,13.9
Tongxiang,20211023,64,0,16.6
Tongxiang,20211024,63,0,17.4
Tongxiang,20211025,74,0,16.4
Tongxiang,20211026,77,0,17.1
Tongxiang,20211027,73,0,17.8
Tongxiang,20211028,61,0,18.3
Tongxiang,20211029,64,0,18.3
Tongxiang,20211030,73,0,17.2
Tongxiang,20211031,76,0,17.7
Tongxiang,20211101,65,0,19.4
Tongxiang,20211101,65,0,19.4
Tongxiang,20211102,73,0,18.5
Tongxiang,20211103,66,0,18.1
Tongxiang,20211104,75,0,18.2
Tongxiang,20211105,86,0.7,19.9
Tongxiang,20211106,90,0.4,19.2
Tongxiang,20211107,86,8.5,15.6
Tongxiang,20211108,54,0.3,6.8
Tongxiang,20211109,53,0,8.8
Tongxiang,20211110,48,0,11.5
Tongxiang,20211111,56,0,11.4
Tongxiang,20211112,49,0,12.8
Tongxiang,20211113,61,0,13.7
Tongxiang,20211114,66,0,13.7
Tongxiang,20211115,61,0,14
Tongxiang,20211116,66,0,15.8
Tongxiang,20211117,81,0.6,14.9
Tongxiang,20211118,80,0,15.1
Tongxiang,20211119,73,0,16.9
Tongxiang,20211120,75,0,16.8
Tongxiang,20211121,88,11.7,15.4
Tongxiang,20211122,58,5.3,9
Tongxiang,20211123,56,0,5.3
Tongxiang,20211124,58,0,8.8
Tongxiang,20211125,63,0,10.9
Tongxiang,20211126,69,0,11.1
Tongxiang,20211127,68,0,12.8
Tongxiang,20211128,70,0,15
Tongxiang,20211129,91,4.1,15.4
Tongxiang,20211130,60,0.3,10.9
Tongxiang,20211201,50,0,5.7
Tongxiang,20211201,50,0,5.7
Tongxiang,20211202,61,0,5.5
Tongxiang,20211203,58,0,8
Tongxiang,20211204,62,0,8.6
Tongxiang,20211205,70,0,10.9
Tongxiang,20211206,71,0,9.9
Tongxiang,20211207,71,0,10.4
Tongxiang,20211208,73,0,12
Tongxiang,20211209,73,0,12.6
Tongxiang,20211210,79,0,10.8
Tongxiang,20211211,79,0,12.3
Tongxiang,20211212,83,2.8,9.9
Tongxiang,20211213,60,0,7.5
Tongxiang,20211214,71,0,7.6
Tongxiang,20211215,80,0.1,11.6
Tongxiang,20211216,93,1.7,11.2
Tongxiang,20211217,59,0.6,8.4
Tongxiang,20211218,52,0,3.5
Tongxiang,20211219,53,0,6.4
Tongxiang,20211220,58,0,9.2
Tongxiang,20211221,62,0,10.8
Tongxiang,20211222,71,0,8.4
Tongxiang,20211223,78,0,10.5
Tongxiang,20211224,82,0.1,10.6
Tongxiang,20211225,65,0,3.5
Tongxiang,20211226,50,0,0.2
Tongxiang,20211227,37,0,0.7
Tongxiang,20211228,55,0,2.7
Tongxiang,20211229,52,0,6.5
Tongxiang,20211230,46,0,4.5
Tongxiang,20211231,58,0,5
Xiuzhou,20191231,62,0.1,3.7
Xiuzhou,20200101,75,0,4.8
Xiuzhou,20200102,84,0.7,9.4
Xiuzhou,20200103,96,0.4,9.2
Xiuzhou,20200104,96,1.6,9.3
Xiuzhou,20200105,88,0.3,11.5
Xiuzhou,20200106,83,0,16.3
Xiuzhou,20200107,87,0,12.5
Xiuzhou,20200108,71,0,5.8
Xiuzhou,20200109,84,0,5.2
Xiuzhou,20200110,98,1.3,7.5
Xiuzhou,20200111,97,7.7,6.6
Xiuzhou,20200112,79,0.5,5.4
Xiuzhou,20200113,82,0,4.4
Xiuzhou,20200114,77,0,5.6
Xiuzhou,20200115,90,0,4.2
Xiuzhou,20200116,97,11.5,6.2
Xiuzhou,20200117,90,1.6,5
Xiuzhou,20200118,76,0,4.5
Xiuzhou,20200119,75,0,5.3
Xiuzhou,20200120,80,0,5
Xiuzhou,20200121,86,0,6.3
Xiuzhou,20200122,95,3.7,8.7
Xiuzhou,20200123,97,8.6,8.5
Xiuzhou,20200124,95,12,8.1
Xiuzhou,20200125,96,9.5,7
Xiuzhou,20200126,98,13,7.5
Xiuzhou,20200127,93,7.5,5.4
Xiuzhou,20200128,81,0,5
Xiuzhou,20200129,65,0,6.2
Xiuzhou,20200130,65,0.1,5.4
Xiuzhou,20200131,68,0,4.2
Xiuzhou,20200201,69,0,4.9
Xiuzhou,20200202,70,0,8
Xiuzhou,20200203,80,0.1,8.2
Xiuzhou,20200204,80,0.1,7.7
Xiuzhou,20200205,81,0,6.6
Xiuzhou,20200206,82,0,5.8
Xiuzhou,20200207,93,7.7,6
Xiuzhou,20200208,82,0.3,6.8
Xiuzhou,20200209,81,0,6.6
Xiuzhou,20200210,74,0,8.4
Xiuzhou,20200211,93,6.9,9.9
Xiuzhou,20200212,92,4.8,11.8
Xiuzhou,20200213,95,0,12.7
Xiuzhou,20200214,97,0.6,13.9
Xiuzhou,20200215,96,1.6,9.3
Xiuzhou,20200216,64,9.3,2.8
Xiuzhou,20200217,48,0,4.8
Xiuzhou,20200218,57,0,4.8
Xiuzhou,20200219,65,0,7.1
Xiuzhou,20200220,76,0,9.8
Xiuzhou,20200221,73,0,11.3
Xiuzhou,20200222,65,0.1,11.5
Xiuzhou,20200223,68,0,10.4
Xiuzhou,20200224,68,0,15.8
Xiuzhou,20200225,71,0,19
Xiuzhou,20200226,88,0.6,10.6
Xiuzhou,20200227,76,0,9.5
Xiuzhou,20200228,84,0.7,11
Xiuzhou,20200229,93,2.9,10.1
Xiuzhou,20200301,94,6.6,10
Xiuzhou,20200302,75,1,8.9
Xiuzhou,20200303,77,0.4,9.1
Xiuzhou,20200304,73,0.7,9.3
Xiuzhou,20200305,59,0,7.8
Xiuzhou,20200306,73,0,9.7
Xiuzhou,20200307,84,0.5,12.6
Xiuzhou,20200308,84,0,11.9
Xiuzhou,20200309,95,18.8,13
Xiuzhou,20200310,80,2.5,10.7
Xiuzhou,20200311,74,0,10.8
Xiuzhou,20200312,76,0,12.7
Xiuzhou,20200313,93,1.1,12
Xiuzhou,20200314,71,0.2,10.4
Xiuzhou,20200315,52,0,13.3
Xiuzhou,20200316,56,0,13
Xiuzhou,20200317,55,0,16.2
Xiuzhou,20200318,62,0,17.7
Xiuzhou,20200319,56,0,16.3
Xiuzhou,20200320,48,0,15.6
Xiuzhou,20200321,68,0,19
Xiuzhou,20200322,83,17.8,17.3
Xiuzhou,20200323,60,0,13.8
Xiuzhou,20200324,62,0,14.7
Xiuzhou,20200325,69,0.3,17.9
Xiuzhou,20200326,93,3.2,19.8
Xiuzhou,20200327,83,10.8,12.5
Xiuzhou,20200328,91,16.9,6.1
Xiuzhou,20200329,88,0,7.1
Xiuzhou,20200330,97,8,9.3
Xiuzhou,20200331,96,0.1,11
Xiuzhou,20200401,82,0.9,12.4
Xiuzhou,20200402,72,0,12.2
Xiuzhou,20200403,67,0,13.1
Xiuzhou,20200404,70,0,13.4
Xiuzhou,20200405,65,0,11.4
Xiuzhou,20200406,69,0,11.2
Xiuzhou,20200407,69,0,12.8
Xiuzhou,20200408,51,0,15.2
Xiuzhou,20200409,57,0,16.6
Xiuzhou,20200410,76,0,16.5
Xiuzhou,20200411,93,2.4,12.2
Xiuzhou,20200412,65,0.1,12.6
Xiuzhou,20200413,49,0.7,14.2
Xiuzhou,20200414,60,0,14.3
Xiuzhou,20200415,53,0,18.4
Xiuzhou,20200416,57,0,20.2
Xiuzhou,20200417,62,0,20.5
Xiuzhou,20200418,70,0.1,16.6
Xiuzhou,20200419,85,15.9,15.1
Xiuzhou,20200420,76,0,16.6
Xiuzhou,20200421,80,12.6,13.3
Xiuzhou,20200422,68,0.9,14.9
Xiuzhou,20200423,59,0,15.7
Xiuzhou,20200424,49,0,17
Xiuzhou,20200425,48,0,19.5
Xiuzhou,20200426,64,0,18.8
Xiuzhou,20200427,69,0,16.2
Xiuzhou,20200428,58,0.4,16.1
Xiuzhou,20200429,61,0,20.1
Xiuzhou,20200430,65,0,24.3
Xiuzhou,20200501,81,1.8,22.9
Xiuzhou,20200502,78,4,24.3
Xiuzhou,20200503,66,0,27.4
Xiuzhou,20200504,76,0,25.5
Xiuzhou,20200505,95,0,19.9
Xiuzhou,20200506,89,0.3,18.9
Xiuzhou,20200507,85,0,20.9
Xiuzhou,20200508,85,0.7,24.4
Xiuzhou,20200509,85,4.6,21.5
Xiuzhou,20200510,85,6.9,19.6
Xiuzhou,20200511,77,0,21.9
Xiuzhou,20200512,44,0,23.1
Xiuzhou,20200513,53,0,22.7
Xiuzhou,20200514,62,0,23.4
Xiuzhou,20200515,90,4.1,23.6
Xiuzhou,20200516,88,2.3,24.3
Xiuzhou,20200517,85,0.1,25.7
Xiuzhou,20200518,63,0,25.4
Xiuzhou,20200519,46,0,22.3
Xiuzhou,20200520,54,0,24
Xiuzhou,20200521,77,0.5,22.3
Xiuzhou,20200522,74,0.9,21.8
Xiuzhou,20200523,77,0,23.1
Xiuzhou,20200524,77,0,25.2
Xiuzhou,20200525,80,0.2,23.2
Xiuzhou,20200526,94,27.7,19.1
Xiuzhou,20200527,79,0,22.4
Xiuzhou,20200528,74,0,24.9
Xiuzhou,20200529,83,0,22.7
Xiuzhou,20200530,97,19.4,18.9
Xiuzhou,20200531,84,0.1,23.3
Xiuzhou,20200601,74,0,26.3
Xiuzhou,20200602,73,0,26.7
Xiuzhou,20200603,93,6.8,24.8
Xiuzhou,20200604,89,0.2,25.3
Xiuzhou,20200605,96,3.2,23.8
Xiuzhou,20200606,88,2.3,23.6
Xiuzhou,20200607,79,0,24
Xiuzhou,20200608,84,0,24.6
Xiuzhou,20200609,88,0.1,26.1
Xiuzhou,20200610,94,1.7,26.1
Xiuzhou,20200611,93,2.8,27
Xiuzhou,20200612,84,0,29.1
Xiuzhou,20200613,78,0.5,30.1
Xiuzhou,20200614,85,1.1,29
Xiuzhou,20200615,94,2.5,26.7
Xiuzhou,20200616,95,1.9,25.6
Xiuzhou,20200617,85,2.2,28.6
Xiuzhou,20200618,79,0,27.8
Xiuzhou,20200619,88,13.7,23.3
Xiuzhou,20200620,94,4.4,21.6
Xiuzhou,20200621,99,25.9,21.4
Xiuzhou,20200622,98,5.7,23
Xiuzhou,20200623,95,0.3,25.9
Xiuzhou,20200624,92,6.4,25.8
Xiuzhou,20200625,97,12.8,24.3
Xiuzhou,20200626,90,0,26.9
Xiuzhou,20200627,96,4.7,26.6
Xiuzhou,20200628,93,20.3,27.2
Xiuzhou,20200629,92,6.9,26.9
Xiuzhou,20200630,80,13.5,25.8
Xiuzhou,20200701,83,0,26
Xiuzhou,20200702,89,2.8,25.5
Xiuzhou,20200703,94,32.8,26.1
Xiuzhou,20200704,91,0.7,24.7
Xiuzhou,20200705,98,3.7,25.3
Xiuzhou,20200706,99,22.2,25.8
Xiuzhou,20200707,90,21.9,27.6
Xiuzhou,20200708,94,1,26.7
Xiuzhou,20200709,96,5.3,26.1
Xiuzhou,20200710,96,6.3,25.4
Xiuzhou,20200711,96,2.4,26.6
Xiuzhou,20200712,78,0,30.5
Xiuzhou,20200713,86,1.6,27.5
Xiuzhou,20200714,91,0.5,24.7
Xiuzhou,20200715,97,11.3,22.4
Xiuzhou,20200716,96,34.3,22.3
Xiuzhou,20200717,95,0.6,24.1
Xiuzhou,20200718,91,0,27.9
Xiuzhou,20200719,82,1.7,29.6
Xiuzhou,20200720,94,14.5,25
Xiuzhou,20200721,89,1,27.4
Xiuzhou,20200722,82,0.5,29.4
Xiuzhou,20200723,76,0,30
Xiuzhou,20200724,90,5,24.8
Xiuzhou,20200725,81,0.4,25.5
Xiuzhou,20200726,86,0.1,26.4
Xiuzhou,20200727,86,0.9,27.9
Xiuzhou,20200728,86,0.3,28.9
Xiuzhou,20200729,81,0,29.5
Xiuzhou,20200730,77,0.2,30.3
Xiuzhou,20200731,80,0,30
Xiuzhou,20200801,71,0,31.7
Xiuzhou,20200802,66,0,31.9
Xiuzhou,20200803,68,0,31
Xiuzhou,20200804,84,0.2,28.5
Xiuzhou,20200805,84,87.7,29.3
Xiuzhou,20200806,74,0,31.2
Xiuzhou,20200807,74,0,31.4
Xiuzhou,20200808,76,0.6,30.1
Xiuzhou,20200809,74,0.1,31.3
Xiuzhou,20200810,83,1.9,29.8
Xiuzhou,20200811,76,0.5,30.5
Xiuzhou,20200812,63,0,32.1
Xiuzhou,20200813,64,0,32.6
Xiuzhou,20200814,64,0,32.7
Xiuzhou,20200815,66,0,32.4
Xiuzhou,20200816,64,0,32.1
Xiuzhou,20200817,66,0,31.6
Xiuzhou,20200818,69,0,31.2
Xiuzhou,20200819,68,0,31.5
Xiuzhou,20200820,70,0,31.5
Xiuzhou,20200821,73,0,30.3
Xiuzhou,20200822,78,0,29.9
Xiuzhou,20200823,73,0,30.3
Xiuzhou,20200824,68,0,30.9
Xiuzhou,20200825,71,0,30.9
Xiuzhou,20200826,76,0.8,29.6
Xiuzhou,20200827,77,0.3,28.7
Xiuzhou,20200828,92,8.1,26
Xiuzhou,20200829,94,15.4,25.5
Xiuzhou,20200830,83,0,29
Xiuzhou,20200831,79,0,29.8
Xiuzhou,20200901,81,0.2,28.9
Xiuzhou,20200902,78,0.3,28.2
Xiuzhou,20200903,66,0.1,26.9
Xiuzhou,20200904,62,0,27.4
Xiuzhou,20200905,55,0,27.4
Xiuzhou,20200906,65,0,26
Xiuzhou,20200907,57,0,27.9
Xiuzhou,20200908,60,0,28.4
Xiuzhou,20200909,68,0,27.6
Xiuzhou,20200910,77,0,26.9
Xiuzhou,20200911,90,23.6,23.5
Xiuzhou,20200912,82,0.1,24.2
Xiuzhou,20200913,82,0,24.3
Xiuzhou,20200914,91,0,23
Xiuzhou,20200915,95,3.4,22.7
Xiuzhou,20200916,92,3.1,24.2
Xiuzhou,20200917,98,31.2,21.4
Xiuzhou,20200918,95,8.5,17.8
Xiuzhou,20200919,93,7.7,19.7
Xiuzhou,20200920,81,0.3,22
Xiuzhou,20200921,79,0.2,22.4
Xiuzhou,20200922,81,0.3,21.9
Xiuzhou,20200923,91,3.6,19.9
Xiuzhou,20200924,78,0.1,21.9
Xiuzhou,20200925,76,0,22.2
Xiuzhou,20200926,76,0,22.5
Xiuzhou,20200927,79,0.1,22.4
Xiuzhou,20200928,78,2.5,22.9
Xiuzhou,20200929,72,0,23
Xiuzhou,20200930,72,0.2,22.5
Xiuzhou,20201001,75,0,22.5
Xiuzhou,20201002,74,0,24.3
Xiuzhou,20201003,84,0.2,23.7
Xiuzhou,20201004,90,14.8,21
Xiuzhou,20201005,65,0.8,18.6
Xiuzhou,20201006,61,0,19.7
Xiuzhou,20201007,66,0,19.9
Xiuzhou,20201008,68,0,20
Xiuzhou,20201009,72,0,19.7
Xiuzhou,20201010,76,0,19.5
Xiuzhou,20201011,76,0,20.1
Xiuzhou,20201012,74,0,20.3
Xiuzhou,20201013,76,0,19.7
Xiuzhou,20201014,67,0,20
Xiuzhou,20201015,73,0,19.1
Xiuzhou,20201016,94,5.2,15.5
Xiuzhou,20201017,77,0.6,17.3
Xiuzhou,20201018,75,0.1,17.2
Xiuzhou,20201019,74,0.2,17.3
Xiuzhou,20201020,76,0,17.2
Xiuzhou,20201021,85,0.5,16.9
Xiuzhou,20201022,76,0.3,17.2
Xiuzhou,20201023,61,0,15.5
Xiuzhou,20201024,65,0,14
Xiuzhou,20201025,71,0,16
Xiuzhou,20201026,78,0,18.4
Xiuzhou,20201027,79,0,19.1
Xiuzhou,20201028,78,0,18.6
Xiuzhou,20201029,75,0.1,18.1
Xiuzhou,20201030,73,0,16.2
Xiuzhou,20201031,72,0,16.6
Xiuzhou,20201101,79,0,18.2
Xiuzhou,20201102,81,2.2,17.4
Xiuzhou,20201103,62,0,14.8
Xiuzhou,20201104,58,0,14.3
Xiuzhou,20201105,69,0,16.8
Xiuzhou,20201106,74,0,18.4
Xiuzhou,20201107,62,0,18.9
Xiuzhou,20201108,55,0,16.7
Xiuzhou,20201109,67,0,13.9
Xiuzhou,20201110,70,0,13.7
Xiuzhou,20201111,72,0,14.1
Xiuzhou,20201112,73,0,15.2
Xiuzhou,20201113,77,0,15.3
Xiuzhou,20201114,80,0,15.3
Xiuzhou,20201115,82,0,16.7
Xiuzhou,20201116,88,0,18.2
Xiuzhou,20201117,85,0,20.2
Xiuzhou,20201118,70,0,23.6
Xiuzhou,20201119,75,0.3,19.8
Xiuzhou,20201120,83,8.4,14.6
Xiuzhou,20201121,80,0,15.6
Xiuzhou,20201122,91,4.1,12.4
Xiuzhou,20201123,81,1,9.9
Xiuzhou,20201124,97,4,9.6
Xiuzhou,20201125,98,5.9,11.5
Xiuzhou,20201126,93,10.3,11.9
Xiuzhou,20201127,94,2.5,10.3
Xiuzhou,20201128,73,0.1,9
Xiuzhou,20201129,71,0.1,8.1
Xiuzhou,20201130,70,0,8.8
Xiuzhou,20201201,70,0,10.8
Xiuzhou,20201202,77,0,10.7
Xiuzhou,20201203,75,0.1,8.4
Xiuzhou,20201204,65,0,6
Xiuzhou,20201205,71,0,6.5
Xiuzhou,20201206,75,0,10
Xiuzhou,20201207,84,0,10.3
Xiuzhou,20201208,76,0.1,9.1
Xiuzhou,20201209,73,0,10.4
Xiuzhou,20201210,82,0,10.4
Xiuzhou,20201211,88,0.6,8.8
Xiuzhou,20201212,79,0,7.9
Xiuzhou,20201213,74,0,7.6
Xiuzhou,20201214,70,3.7,2.9
Xiuzhou,20201215,51,0,3
Xiuzhou,20201216,47,0,3.4
Xiuzhou,20201217,59,0,5
Xiuzhou,20201218,81,1.9,5.1
Xiuzhou,20201219,66,0.2,5.3
Xiuzhou,20201220,64,0,4.3
Xiuzhou,20201221,70,0,3.1
Xiuzhou,20201222,74,0,4.6
Xiuzhou,20201223,80,0,8.3
Xiuzhou,20201224,66,0.6,8.7
Xiuzhou,20201225,72,0,5.9
Xiuzhou,20201226,73,0,9.8
Xiuzhou,20201227,82,0.1,9.9
Xiuzhou,20201228,84,0,9.1
Xiuzhou,20201229,92,0,8
Xiuzhou,20201230,51,1.3,-2.2
Xiuzhou,20201231,45,0,-3
Xiuzhou,20210101,57,0,0.8
Xiuzhou,20210101,57,0,0.8
Xiuzhou,20210102,70,0,0.7
Xiuzhou,20210103,75,0,5.2
Xiuzhou,20210104,78,0.1,9.2
Xiuzhou,20210105,73,0,7.1
Xiuzhou,20210106,63,0,3.9
Xiuzhou,20210107,42,0,2.6
Xiuzhou,20210108,35,0,4
Xiuzhou,20210109,43,0,1.6
Xiuzhou,20210110,46,0,0.5
Xiuzhou,20210111,42,0,2.4
Xiuzhou,20210112,36,0,4
Xiuzhou,20210113,41,0,7
Xiuzhou,20210114,56,0,8
Xiuzhou,20210115,51,0,11.5
Xiuzhou,20210116,61,0,4.7
Xiuzhou,20210117,57,0,2
Xiuzhou,20210118,58,0,3.5
Xiuzhou,20210119,71,0,5.3
Xiuzhou,20210120,81,0,10.3
Xiuzhou,20210121,80,0,14.4
Xiuzhou,20210122,92,8.9,10.8
Xiuzhou,20210123,90,2.1,7.8
Xiuzhou,20210124,82,0,6.9
Xiuzhou,20210125,84,0.6,10.3
Xiuzhou,20210126,91,4,7.7
Xiuzhou,20210127,84,0.7,7.5
Xiuzhou,20210128,70,0.1,7.7
Xiuzhou,20210129,54,0,4.1
Xiuzhou,20210130,59,0,8
Xiuzhou,20210131,65,0.1,12.6
Xiuzhou,20210201,85,3.1,9.7
Xiuzhou,20210201,85,3.1,9.7
Xiuzhou,20210202,74,0,8
Xiuzhou,20210203,74,0,9
Xiuzhou,20210204,64,0,9.1
Xiuzhou,20210205,89,9.3,8.6
Xiuzhou,20210206,77,0,11
Xiuzhou,20210207,67,0,12.1
Xiuzhou,20210208,67,0.6,7.9
Xiuzhou,20210209,66,0,6.9
Xiuzhou,20210210,78,0,9.2
Xiuzhou,20210211,92,20.9,9.3
Xiuzhou,20210212,85,0.1,10.5
Xiuzhou,20210213,76,0.1,12.1
Xiuzhou,20210214,77,0,13.8
Xiuzhou,20210215,74,0,10.6
Xiuzhou,20210216,65,0,8.3
Xiuzhou,20210217,54,0,5.4
Xiuzhou,20210218,58,0,4.6
Xiuzhou,20210219,52,0,9.6
Xiuzhou,20210220,38,0,16
Xiuzhou,20210221,47,0,16
Xiuzhou,20210222,57,0,15.9
Xiuzhou,20210223,65,0,9.7
Xiuzhou,20210224,76,0,10.3
Xiuzhou,20210225,87,6.1,13
Xiuzhou,20210226,92,12.9,9.2
Xiuzhou,20210227,83,1.1,10.9
Xiuzhou,20210228,92,0.8,12
Xiuzhou,20210301,92,14.8,11
Xiuzhou,20210301,92,14.8,11
Xiuzhou,20210302,65,0.1,7.3
Xiuzhou,20210303,74,1.1,7.9
Xiuzhou,20210304,78,5.2,10.5
Xiuzhou,20210305,88,0.3,9.2
Xiuzhou,20210306,86,7.7,9.7
Xiuzhou,20210307,93,16.6,7.5
Xiuzhou,20210308,87,5.1,9.8
Xiuzhou,20210309,84,0.8,9.7
Xiuzhou,20210310,66,0,11.8
Xiuzhou,20210311,91,8,11.1
Xiuzhou,20210312,78,0,11.7
Xiuzhou,20210313,75,0,11.2
Xiuzhou,20210314,80,0,11.9
Xiuzhou,20210315,75,7.4,17.5
Xiuzhou,20210316,90,25.8,13.5
Xiuzhou,20210317,84,9.8,9
Xiuzhou,20210318,67,0.8,12.3
Xiuzhou,20210319,93,5.7,12.4
Xiuzhou,20210320,84,5.1,11.1
Xiuzhou,20210321,61,0,11.9
Xiuzhou,20210322,55,0,9.7
Xiuzhou,20210323,59,0,11.6
Xiuzhou,20210324,71,1.2,13.8
Xiuzhou,20210325,64,0,15
Xiuzhou,20210326,69,0,16.6
Xiuzhou,20210327,85,3.5,17.7
Xiuzhou,20210328,71,0,18.1
Xiuzhou,20210329,70,0,19.4
Xiuzhou,20210330,75,0.2,16.5
Xiuzhou,20210331,89,16,14.9
Xiuzhou,20210401,94,1.5,16.4
Xiuzhou,20210401,94,1.5,16.4
Xiuzhou,20210402,86,0.3,17.4
Xiuzhou,20210403,83,0,15.5
Xiuzhou,20210404,56,0,13.4
Xiuzhou,20210405,46,0,13.6
Xiuzhou,20210406,55,0,15.8
Xiuzhou,20210407,62,2.3,13.6
Xiuzhou,20210408,72,1.6,13.1
Xiuzhou,20210409,57,0,13.8
Xiuzhou,20210410,73,0,13.5
Xiuzhou,20210411,93,18.1,15.5
Xiuzhou,20210412,92,19.3,16.6
Xiuzhou,20210413,79,0,16.6
Xiuzhou,20210414,66,0.2,12.9
Xiuzhou,20210415,74,0,12.9
Xiuzhou,20210416,74,0,18
Xiuzhou,20210417,67,0,17.3
Xiuzhou,20210418,52,0,14.9
Xiuzhou,20210419,58,0,16.4
Xiuzhou,20210420,67,0,17.2
Xiuzhou,20210421,74,0,19.4
Xiuzhou,20210422,78,0.5,20.2
Xiuzhou,20210423,79,0,20.5
Xiuzhou,20210424,88,0,18
Xiuzhou,20210425,79,0,19.4
Xiuzhou,20210426,68,0,19.1
Xiuzhou,20210427,89,1.8,18
Xiuzhou,20210428,76,0,19.8
Xiuzhou,20210429,53,0,22.7
Xiuzhou,20210430,47,0,25.1
Xiuzhou,20210501,58,6.9,20.5
Xiuzhou,20210501,58,6.9,20.5
Xiuzhou,20210502,59,0,18.6
Xiuzhou,20210503,65,0,21
Xiuzhou,20210504,87,12.5,20.6
Xiuzhou,20210505,61,0,20.1
Xiuzhou,20210506,49,0,20.4
Xiuzhou,20210507,66,0,23.4
Xiuzhou,20210508,70,0,24.2
Xiuzhou,20210509,64,0,26.6
Xiuzhou,20210510,60,0,27.6
Xiuzhou,20210511,85,5.2,23.9
Xiuzhou,20210512,89,2.1,22.1
Xiuzhou,20210513,91,23.1,20.7
Xiuzhou,20210514,87,2.5,24.9
Xiuzhou,20210515,80,0.1,28
Xiuzhou,20210516,86,25.4,23.6
Xiuzhou,20210517,73,15.8,19.4
Xiuzhou,20210518,68,1,20.3
Xiuzhou,20210519,87,14.9,19.2
Xiuzhou,20210520,82,2.2,19.8
Xiuzhou,20210521,78,0,20.6
Xiuzhou,20210522,77,0.2,21
Xiuzhou,20210523,91,22.6,19.5
Xiuzhou,20210524,70,0,22.4
Xiuzhou,20210525,60,0,25.8
Xiuzhou,20210526,88,41.5,21.3
Xiuzhou,20210527,80,0,23.7
Xiuzhou,20210528,73,0,25.2
Xiuzhou,20210529,63,0,25.2
Xiuzhou,20210530,68,0,26
Xiuzhou,20210531,67,0,24.5
Xiuzhou,20210601,84,3.1,23.1
Xiuzhou,20210601,84,3.1,23.1
Xiuzhou,20210602,92,0.7,22.6
Xiuzhou,20210603,88,27.4,23.5
Xiuzhou,20210604,81,0.2,21
Xiuzhou,20210605,64,0,24.5
Xiuzhou,20210606,62,0,25.8
Xiuzhou,20210607,70,0,24.6
Xiuzhou,20210608,77,0,26.1
Xiuzhou,20210609,81,1.3,27.1
Xiuzhou,20210610,89,2.1,26.2
Xiuzhou,20210611,80,0,27.3
Xiuzhou,20210612,83,6.9,26.4
Xiuzhou,20210613,92,3.5,25.7
Xiuzhou,20210614,88,0.2,26.9
Xiuzhou,20210615,77,0,30
Xiuzhou,20210616,83,10.9,26.8
Xiuzhou,20210617,86,0.6,26.7
Xiuzhou,20210618,88,8.7,26.2
Xiuzhou,20210619,93,36.2,20.3
Xiuzhou,20210620,91,1.2,21.7
Xiuzhou,20210621,71,0,24.6
Xiuzhou,20210622,68,0,25.6
Xiuzhou,20210623,66,0,26.2
Xiuzhou,20210624,67,0,27
Xiuzhou,20210625,74,0,26.7
Xiuzhou,20210626,89,30.9,25.7
Xiuzhou,20210627,94,20.2,25.7
Xiuzhou,20210628,87,0,26.5
Xiuzhou,20210629,81,0,26.5
Xiuzhou,20210630,86,0,26.1
Xiuzhou,20210701,83,0.2,26.9
Xiuzhou,20210701,83,0.2,26.9
Xiuzhou,20210702,94,21.4,26.1
Xiuzhou,20210703,88,8.9,27.6
Xiuzhou,20210704,92,0.1,26.5
Xiuzhou,20210705,84,15.7,29.1
Xiuzhou,20210706,71,0,30.5
Xiuzhou,20210707,75,0,30.5
Xiuzhou,20210708,81,31.8,28.5
Xiuzhou,20210709,84,3.2,26.9
Xiuzhou,20210710,83,3.1,28.4
Xiuzhou,20210711,77,0,31.3
Xiuzhou,20210712,71,0,32.6
Xiuzhou,20210713,71,0,32.1
Xiuzhou,20210714,68,0,32.5
Xiuzhou,20210715,69,0,31.8
Xiuzhou,20210716,72,0,30.2
Xiuzhou,20210717,75,0,29.1
Xiuzhou,20210718,75,0,28.8
Xiuzhou,20210719,73,0,29.4
Xiuzhou,20210720,76,0.4,29.5
Xiuzhou,20210721,68,0,29.6
Xiuzhou,20210722,73,0.5,29.1
Xiuzhou,20210723,73,0.3,29.2
Xiuzhou,20210724,90,68.4,26.3
Xiuzhou,20210725,93,60.7,25.6
Xiuzhou,20210726,96,62.8,25.4
Xiuzhou,20210727,94,36,26.2
Xiuzhou,20210728,87,31.5,28.3
Xiuzhou,20210729,77,0.2,30.3
Xiuzhou,20210730,74,2,29.8
Xiuzhou,20210731,86,1.4,28.8
Xiuzhou,20210801,86,0.9,28.6
Xiuzhou,20210801,86,0.9,28.6
Xiuzhou,20210802,80,0.2,29.6
Xiuzhou,20210803,84,1.6,28.8
Xiuzhou,20210804,80,0,29.1
Xiuzhou,20210805,79,0,29.1
Xiuzhou,20210806,78,0,29.2
Xiuzhou,20210807,74,0.6,29
Xiuzhou,20210808,70,0,29.1
Xiuzhou,20210809,75,0,29.6
Xiuzhou,20210810,85,40.6,28.7
Xiuzhou,20210811,95,64.1,26.6
Xiuzhou,20210812,91,15,27.2
Xiuzhou,20210813,93,22.7,25.8
Xiuzhou,20210814,94,23.1,23.8
Xiuzhou,20210815,93,65.5,24.8
Xiuzhou,20210816,88,2.2,26.4
Xiuzhou,20210817,81,0.3,27
Xiuzhou,20210818,75,0,27.1
Xiuzhou,20210819,75,0,28.2
Xiuzhou,20210820,77,0,29.1
Xiuzhou,20210821,79,0,29
Xiuzhou,20210822,80,0,29.2
Xiuzhou,20210823,76,0,30.2
Xiuzhou,20210824,79,19.1,29.5
Xiuzhou,20210825,76,0.9,27.9
Xiuzhou,20210826,79,45.4,29
Xiuzhou,20210827,80,0.1,28.7
Xiuzhou,20210828,77,0,30.1
Xiuzhou,20210829,75,0,30.3
Xiuzhou,20210830,74,0,30.3
Xiuzhou,20210831,75,0,30.4
Xiuzhou,20210901,72,0,31.2
Xiuzhou,20210901,72,0,31.2
Xiuzhou,20210902,85,2.7,28.6
Xiuzhou,20210903,83,5,27.9
Xiuzhou,20210904,80,0,29
Xiuzhou,20210905,76,0,30.1
Xiuzhou,20210906,80,0,28.6
Xiuzhou,20210907,71,0,27.1
Xiuzhou,20210908,75,0,25.8
Xiuzhou,20210909,81,0,27.5
Xiuzhou,20210910,91,151.4,25.6
Xiuzhou,20210911,88,32,26.6
Xiuzhou,20210912,89,10.5,25.8
Xiuzhou,20210913,92,41.7,24.4
Xiuzhou,20210914,85,2,24.9
Xiuzhou,20210915,84,1.3,24.5
Xiuzhou,20210916,81,0.6,25
Xiuzhou,20210917,73,0,24.2
Xiuzhou,20210918,75,0,24.6
Xiuzhou,20210919,80,0,26.4
Xiuzhou,20210920,77,0,27
Xiuzhou,20210921,66,0,26.6
Xiuzhou,20210922,69,0,26.9
Xiuzhou,20210923,66,0,27.4
Xiuzhou,20210924,72,0,26.1
Xiuzhou,20210925,75,0,25.2
Xiuzhou,20210926,72,0,25.7
Xiuzhou,20210927,74,0,27
Xiuzhou,20210928,78,0,27.2
Xiuzhou,20210929,81,0,26.5
Xiuzhou,20210930,71,0,24.9
Xiuzhou,20211001,75,0,24.7
Xiuzhou,20211001,75,0,24.7
Xiuzhou,20211002,74,0,26.2
Xiuzhou,20211003,68,0,26.3
Xiuzhou,20211004,71,0,27.1
Xiuzhou,20211005,72,0,26.6
Xiuzhou,20211006,82,0,26.2
Xiuzhou,20211007,79,0,26.4
Xiuzhou,20211008,80,0,26.3
Xiuzhou,20211009,82,0.4,26.9
Xiuzhou,20211010,88,41.8,25.7
Xiuzhou,20211011,86,3,20.3
Xiuzhou,20211012,75,0.8,20.7
Xiuzhou,20211013,93,3.3,23.3
Xiuzhou,20211014,87,0.2,25.8
Xiuzhou,20211015,88,0.1,23.5
Xiuzhou,20211016,84,6.3,16.8
Xiuzhou,20211017,64,0,14.4
Xiuzhou,20211018,72,0.1,14.8
Xiuzhou,20211019,73,0,15.9
Xiuzhou,20211020,82,23.6,13.2
Xiuzhou,20211021,78,6.3,13
Xiuzhou,20211022,69,0,14.7
Xiuzhou,20211023,61,0,16.7
Xiuzhou,20211024,63,0,17.3
Xiuzhou,20211025,78,0,15.9
Xiuzhou,20211026,81,0,16.2
Xiuzhou,20211027,80,0.3,16.6
Xiuzhou,20211028,64,0,17.8
Xiuzhou,20211029,65,0,17.8
Xiuzhou,20211030,77,0,16.9
Xiuzhou,20211031,80,0,17.3
Xiuzhou,20211101,73,0,18.2
Xiuzhou,20211101,73,0,18.2
Xiuzhou,20211102,75,0,17.9
Xiuzhou,20211103,72,0,17.3
Xiuzhou,20211104,82,0.2,17.4
Xiuzhou,20211105,88,0.9,19.2
Xiuzhou,20211106,91,0.7,18.8
Xiuzhou,20211107,87,15.6,15.6
Xiuzhou,20211108,55,0.6,7
Xiuzhou,20211109,50,0,9.2
Xiuzhou,20211110,48,0,11.8
Xiuzhou,20211111,53,0,11.9
Xiuzhou,20211112,58,0,11.9
Xiuzhou,20211113,67,0,12.8
Xiuzhou,20211114,70,0,12.7
Xiuzhou,20211115,68,0,12.9
Xiuzhou,20211116,73,0,15
Xiuzhou,20211117,84,0.5,14
Xiuzhou,20211118,81,0,14.8
Xiuzhou,20211119,76,0,16.1
Xiuzhou,20211120,77,0,16
Xiuzhou,20211121,88,10.2,15.4
Xiuzhou,20211122,53,12.4,9.3
Xiuzhou,20211123,55,0,5.3
Xiuzhou,20211124,64,0,7.5
Xiuzhou,20211125,66,0,10.6
Xiuzhou,20211126,72,0,10.9
Xiuzhou,20211127,70,0,12.4
Xiuzhou,20211128,69,0,15
Xiuzhou,20211129,90,3.2,15.3
Xiuzhou,20211130,60,0.5,11.2
Xiuzhou,20211201,51,0,6.1
Xiuzhou,20211201,51,0,6.1
Xiuzhou,20211202,67,0,5
Xiuzhou,20211203,59,0,8
Xiuzhou,20211204,71,0,7.6
Xiuzhou,20211205,79,0,9.5
Xiuzhou,20211206,77,0,9.9
Xiuzhou,20211207,74,0,10.1
Xiuzhou,20211208,75,0,11.3
Xiuzhou,20211209,78,0,11.7
Xiuzhou,20211210,82,0,10.1
Xiuzhou,20211211,78,0,12
Xiuzhou,20211212,78,1.4,10.2
Xiuzhou,20211213,64,0,6.9
Xiuzhou,20211214,79,0,6.7
Xiuzhou,20211215,84,0.4,10.7
Xiuzhou,20211216,92,1.9,11.4
Xiuzhou,20211217,57,0.5,8.3
Xiuzhou,20211218,54,0,2.8
Xiuzhou,20211219,63,0,5
Xiuzhou,20211220,64,0,8.6
Xiuzhou,20211221,69,0,10
Xiuzhou,20211222,74,0,8.1
Xiuzhou,20211223,78,0,10.4
Xiuzhou,20211224,83,0.3,10.5
Xiuzhou,20211225,66,0,3.1
Xiuzhou,20211226,48,0,0.3
Xiuzhou,20211227,43,0,0
Xiuzhou,20211228,60,0,2.3
Xiuzhou,20211229,55,0,6.3
Xiuzhou,20211230,53,0,4.1
Xiuzhou,20211231,64,0,4.5
